Workbook

Sheet REPORTS
A1: SWATPlus-IAHRIS | AA1: Nat_F | AB1: Natural Flow
AA2: Alt_F | AB2: Altered Flow
B7: NATURAL FLOW CODE (Abbreviation): | E7: =CONCATENATE($AB$1," (",$AA$1,")") -> Natural Flow (Nat_F)
B8: ALTERED FLOW CODE (Abbreviation): | E8: =CONCATENATE($AB$2," (",$AA$2,")") -> Altered Flow (Alt_F)
B9: DATE: | E9: 18/05/2026
B12: (Point and Alteration identification inlcudes both thee code and description declared by the user).
B14: REPORTS : | G14: FIRST MONTH HYDROLOGIC YEAR: | K14: January
B16: REPORT 1: Nat_F: interannual variability | H16: REPORT 6a: Alt_F: anual flow rates duration curves
B17: REPORT 1a: Alt_F: interannual variability | H17: REPORT 6b: Nat_F and Alt_F: anual flow rates duration curves
B18: REPORT 1b: Nat_F and Alt_F: interannual variability | H18: REPORT 6c: Nat_F: monthly flow rates duration curves
B19: REPORT 2: Nat_F: intra-annual variability (statistics) | H19: REPORT 6d: Alt_F: monthly flow rates duration curves
B20: REPORT 2a: Nat_F: intra-annual variability (medians) | H20: REPORT 6e: Nat_F and Alt_F: monthly flow rates duration curves
B21: REPORT 3: Alt_F: intra-annual variability (statistics) | H21: REPORT 7c: IAH: habitual values with no-coetaneous data
B22: REPORT 3a: Alt_F: intra-annual variability (medians) | H22: REPORT 7d: IAH: floods and droughts
B23: REPORT 3b: Nat_F and Alt_F: intra-annual variability (medians) | H23: REPORT 8: Highly altered water bodies (P10-90)
B24: REPORT 3c: Nat_F and Alt_F: intra-annual variability (P10 - P90) | H24: REPORT 8b: Highly altered water bodies (IAH): no-coetaneous daily data
B25: REPORT 4: Nat_F: characterization with daily data | H25: REPORT 10c: Environmental sig. IAH: no-coetaneous daily data
B26: REPORT 5: Alt_F: characterization with daily data
B27: REPORT 6: Nat_F: anual flow rates duration curves
B29: DATA AVAILABLE AND DATA USED IN THE REPORTS:
B31: YEAR | C31: MONTHLY DATA | H31: DAILY DATA
C32: =$AA$1 -> Nat_F | E32: =$AA$2 -> Alt_F | G32: Contemporary | H32: =$AA$1 -> Nat_F | J32: =$AA$2 -> Alt_F | L32: Contemporary
C33: Available | D33: Used | E33: Available | F33: Used | H33: Available | I33: Used | J33: Available | K33: Used
B34: 1990-91 | C34: X | D34: X | H34: X | I34: X
B35: 1991-92 | C35: X | D35: X | H35: X | I35: X
B36: 1992-93 | C36: X | D36: X | H36: X | I36: X
B37: 1993-94 | C37: X | D37: X | H37: X | I37: X
B38: 1994-95 | C38: X | D38: X | H38: X | I38: X
B39: 1995-96 | C39: X | D39: X | H39: X | I39: X
B40: 1996-97 | C40: X | D40: X | H40: X | I40: X
B41: 1997-98 | C41: X | D41: X | H41: X | I41: X
B42: 1998-99 | C42: X | D42: X | H42: X | I42: X
B43: 1999-00 | C43: X | D43: X | H43: X | I43: X
B44: 2000-01 | C44: X | D44: X | H44: X | I44: X
B45: 2001-02 | C45: X | D45: X | H45: X | I45: X
... B54: 2010-11 | C54: X | D54: X | H54: X | I54: X
B55: 2011-12
B56: 2012-13
B57: 2013-14
B58: 2014-15
B59: 2015-16
B60: 2016-17
B61: 2017-18
B62: 2018-19
B63: 2019-20
B64: 2020-21
B65: 2021-22
B66: 2022-23
... B123: 2079-80
B124: 2080-81 | E124: X | F124: X | J124: X | K124: X
B125: 2081-82 | E125: X | F125: X | J125: X | K125: X
B126: 2082-83 | E126: X | F126: X | J126: X | K126: X
B127: 2083-84 | E127: X | F127: X | J127: X | K127: X
B128: 2084-85 | E128: X | F128: X | J128: X | K128: X
B129: 2085-86 | E129: X | F129: X | J129: X | K129: X
B130: 2086-87 | E130: X | F130: X | J130: X | K130: X
B131: 2087-88 | E131: X | F131: X | J131: X | K131: X
B132: 2088-89 | E132: X | F132: X | J132: X | K132: X
B133: 2089-90 | E133: X | F133: X | J133: X | K133: X
B134: 2090-91 | E134: X | F134: X | J134: X | K134: X
B135: 2091-92 | E135: X | F135: X | J135: X | K135: X
... B144: 2100-01 | E144: X | F144: X | J144: X | K144: X
B145: Total | C145: 21 | D145: 21 | E145: 21 | F145: 21 | G145: 0 | H145: 21 | I145: 21 | J145: 21 | K145: 21 | L145: 0

Sheet Informe nº1
B2: REPORT Nº 1 | E2: =UPPER(REPORTS!$AB$1) -> NATURAL FLOW
E3: CHARACTERIZATION OF THE INTERANNUAL VARIABILITY
B5: NATURAL FLOW CODE (Abbreviation): | E5: =REPORTS!E7 -> Natural Flow (Nat_F)
B6: ALTERED FLOW CODE (Abbreviation): | E6: =REPORTS!E8 -> Altered Flow (Alt_F) | U6: =CONCATENATE("ANNUAL CONTRIBUTIONS IN ",UPPER(REPORTS!$AB$1)," (hm³)") -> ANNUAL CONTRIBUTIONS IN NATURAL FLOW (hm³)
B7: DATE: | E7: 18/05/2026
B11: DATA | E11: RESULTS
B12: YEAR | C12: CONTRIBUTION
C13: hm3 | E13: CHARACTERIZATION OF INTERANNUAL VARIABILITY Wet years: Contributions are greater than or equal to the third quartile. Dry years: Contributions are less than or equal to the first quartile. Average years: Contributions fall between the first and third quartiles. | N13: TYPE OF YEAR | W13: AÑO | X13: =CONCATENATE("WET THRESHOLD ", REPORTS!$AA$1) -> WET THRESHOLD Nat_F | Y13: =UPPER(REPORTS!$AA$1) -> NAT_F | Z13: =CONCATENATE("DRY THRESHOLD ", REPORTS!$AA$1) -> DRY THRESHOLD Nat_F
B14: 1990-91 | C14: 92.207642 | N14: WET | P14: AVERAGE | R14: DRY | W14: =B14 -> 1990-91 | X14: =I$26 -> 105.73929 | Y14: =C14 -> 92.207642 | Z14: =I$23 -> 89.406956
B15: 1991-92 | C15: 97.979019 | N15: YEAR | O15: VOLUME | P15: YEAR | Q15: VOLUME | R15: YEAR | S15: VOLUME | W15: =B15 -> 1991-92 | X15: =I$26 -> 105.73929 | Y15: =C15 -> 97.979019 | Z15: =I$23 -> 89.406956
B16: 1992-93 | C16: 100.9414 | N16: 1995-96 | O16: 109.82182 | P16: 1990-91 | Q16: 92.207642 | R16: 1999-00 | S16: 82.448441 | W16: =B16 -> 1992-93 | X16: =I$26 -> 105.73929 | Y16: =C16 -> 100.9414 | Z16: =I$23 -> 89.406956
B17: 1993-94 | C17: 99.4795 | N17: 1996-97 | O17: 118.52345 | P17: 1991-92 | Q17: 97.979019 | R17: 2000-01 | S17: 73.9701 | W17: =B17 -> 1993-94 | X17: =I$26 -> 105.73929 | Y17: =C17 -> 99.4795 | Z17: =I$23 -> 89.406956
B18: 1994-95 | C18: 103.67399 | N18: 1997-98 | O18: 116.8333 | P18: 1992-93 | Q18: 100.9414 | R18: 2005-06 | S18: 87.014267 | W18: =B18 -> 1994-95 | X18: =I$26 -> 105.73929 | Y18: =C18 -> 103.67399 | Z18: =I$23 -> 89.406956
B19: 1995-96 | C19: 109.82182 | N19: 2003-04 | O19: 107.8046 | P19: 1993-94 | Q19: 99.4795 | R19: 2006-07 | S19: 88.203255 | W19: =B19 -> 1995-96 | X19: =I$26 -> 105.73929 | Y19: =C19 -> 109.82182 | Z19: =I$23 -> 89.406956
B20: 1996-97 | C20: 118.52345 | G20: DESCRIPTIVE STATISTICS | N20: 2008-09 | O20: 114.8331 | P20: 1994-95 | Q20: 103.67399 | R20: 2009-10 | S20: 78.004105 | W20: =B20 -> 1996-97 | X20: =I$26 -> 105.73929 | Y20: =C20 -> 118.52345 | Z20: =I$23 -> 89.406956
B21: 1997-98 | C21: 116.8333 | P21: 1998-99 | Q21: 102.62631 | W21: =B21 -> 1997-98 | X21: =I$26 -> 105.73929 | Y21: =C21 -> 116.8333 | Z21: =I$23 -> 89.406956
B22: 1998-99 | C22: 102.62631 | G22: MINIMUM | I22: =MIN(C14:C614) -> 73.9701 | J22: hm3 | P22: 2001-02 | Q22: 90.610657 | W22: =B22 -> 1998-99 | X22: =I$26 -> 105.73929 | Y22: =C22 -> 102.62631 | Z22: =I$23 -> 89.406956
B23: 1999-00 | C23: 82.448441 | G23: 75th percentile exceedance (P75) | I23: =_xlfn.PERCENTILE.EXC(C14:C614,0.25) -> 89.406956 | J23: hm3 | P23: 2002-03 | Q23: 93.292648 | W23: =B23 -> 1999-00 | X23: =I$26 -> 105.73929 | Y23: =C23 -> 82.448441 | Z23: =I$23 -> 89.406956
B24: 2000-01 | C24: 73.9701 | G24: 50th percentile exceedance (P50) | I24: =_xlfn.PERCENTILE.EXC(C14:C614,0.5) -> 99.4795 | J24: hm3 | P24: 2004-05 | Q24: 99.997284 | W24: =B24 -> 2000-01 | X24: =I$26 -> 105.73929 | Y24: =C24 -> 73.9701 | Z24: =I$23 -> 89.406956
B25: 2001-02 | C25: 90.610657 | G25: MEAN | I25: =AVERAGE(C14:C614) -> 97.722273 | J25: hm3 | P25: 2007-08 | Q25: 93.575554 | W25: =B25 -> 2001-02 | X25: =I$26 -> 105.73929 | Y25: =C25 -> 90.610657 | Z25: =I$23 -> 89.406956
B26: 2002-03 | C26: 93.292648 | G26: 25th percentile exceedance (P25) | I26: =_xlfn.PERCENTILE.EXC(C14:C614,0.75) -> 105.73929 | J26: hm3 | P26: 2010-11 | Q26: 100.32731 | W26: =B26 -> 2002-03 | X26: =I$26 -> 105.73929 | Y26: =C26 -> 93.292648 | Z26: =I$23 -> 89.406956
B27: 2003-04 | C27: 107.8046 | G27: MAXIMUM | I27: =MAX(C14:C614) -> 118.52345 | J27: hm3 | L27: =REPORTS!$AA$1 -> Nat_F | W27: =B27 -> 2003-04 | X27: =I$26 -> 105.73929 | Y27: =C27 -> 107.8046 | Z27: =I$23 -> 89.406956
B28: 2004-05 | C28: 99.997284 | G28: INTERQUARTILE RANGE | I28: =I26-I23 -> 16.332336 | J28: hm3 | W28: =B28 -> 2004-05 | X28: =I$26 -> 105.73929 | Y28: =C28 -> 99.997284 | Z28: =I$23 -> 89.406956
B29: 2005-06 | C29: 87.014267 | G29: Coefficient of variation | I29: =_xlfn.STDEV.S(C14:C614) -> 12.109999 | W29: =B29 -> 2005-06 | X29: =I$26 -> 105.73929 | Y29: =C29 -> 87.014267 | Z29: =I$23 -> 89.406956
B30: 2006-07 | C30: 88.203255 | G30: Coefficient of skewness | I30: =SKEW(C14:C614) -> -0.10027551 | W30: =B30 -> 2006-07 | X30: =I$26 -> 105.73929 | Y30: =C30 -> 88.203255 | Z30: =I$23 -> 89.406956
B31: 2007-08 | C31: 93.575554 | W31: =B31 -> 2007-08 | X31: =I$26 -> 105.73929 | Y31: =C31 -> 93.575554 | Z31: =I$23 -> 89.406956
B32: 2008-09 | C32: 114.8331 | W32: =B32 -> 2008-09 | X32: =I$26 -> 105.73929 | Y32: =C32 -> 114.8331 | Z32: =I$23 -> 89.406956
B33: 2009-10 | C33: 78.004105 | G33: =UPPER(REPORTS!$AA$1) -> NAT_F | W33: =B33 -> 2009-10 | X33: =I$26 -> 105.73929 | Y33: =C33 -> 78.004105 | Z33: =I$23 -> 89.406956
B34: 2010-11 | C34: 100.32731 | W34: =B34 -> 2010-11 | X34: =I$26 -> 105.73929 | Y34: =C34 -> 100.32731 | Z34: =I$23 -> 89.406956
W35: =B35 -> 0 | X35: =I$26 -> 105.73929 | Y35: =C35 -> 0 | Z35: =I$23 -> 89.406956
W36: =B36 -> 0 | X36: =I$26 -> 105.73929 | Y36: =C36 -> 0 | Z36: =I$23 -> 89.406956
W37: =B37 -> 0 | X37: =I$26 -> 105.73929 | Y37: =C37 -> 0 | Z37: =I$23 -> 89.406956
W38: =B38 -> 0 | X38: =I$26 -> 105.73929 | Y38: =C38 -> 0 | Z38: =I$23 -> 89.406956
W39: =B39 -> 0 | X39: =I$26 -> 105.73929 | Y39: =C39 -> 0 | Z39: =I$23 -> 89.406956
W40: =B40 -> 0 | X40: =I$26 -> 105.73929 | Y40: =C40 -> 0 | Z40: =I$23 -> 89.406956
W41: =B41 -> 0 | X41: =I$26 -> 105.73929 | Y41: =C41 -> 0 | Z41: =I$23 -> 89.406956
W42: =B42 -> 0 | X42: =I$26 -> 105.73929 | Y42: =C42 -> 0 | Z42: =I$23 -> 89.406956
W43: =B43 -> 0 | X43: =I$26 -> 105.73929 | Y43: =C43 -> 0 | Z43: =I$23 -> 89.406956
W44: =B44 -> 0 | X44: =I$26 -> 105.73929 | Y44: =C44 -> 0 | Z44: =I$23 -> 89.406956
W45: =B45 -> 0 | X45: =I$26 -> 105.73929 | Y45: =C45 -> 0 | Z45: =I$23 -> 89.406956
W46: =B46 -> 0 | X46: =I$26 -> 105.73929 | Y46: =C46 -> 0 | Z46: =I$23 -> 89.406956
... W614: =B614 -> 0 | X614: =I$26 -> 105.73929 | Y614: =C614 -> 0 | Z614: =I$23 -> 89.406956

Sheet Informe nº1a
B2: REPORT Nº 1a | E2: =UPPER(REPORTS!$AB$2) -> ALTERED FLOW
E3: CHARACTERIZATION OF THE INTERANNUAL VARIABILITY
B5: NATURAL FLOW CODE (Abbreviation): | E5: =REPORTS!E7 -> Natural Flow (Nat_F)
B6: ALTERED FLOW CODE (Abbreviation): | E6: =REPORTS!E8 -> Altered Flow (Alt_F) | U6: =CONCATENATE("ANNUAL CONTRIBUTIONS IN ",UPPER(REPORTS!$AB$2)," (hm³)") -> ANNUAL CONTRIBUTIONS IN ALTERED FLOW (hm³)
B7: DATE: | E7: 18/05/2026
B11: DATA | E11: RESULTS
B12: YEAR | C12: CONTRIBUTION
C13: hm3 | E13: CHARACTERIZATION OF INTERANNUAL VARIABILITY Wet years: Contributions are greater than or equal to the third quartile. Dry years: Contributions are less than or equal to the first quartile. Average years: Contributions fall between the first and third quartiles. | N13: TYPE OF YEAR | Y13: AÑO | Z13: =UPPER(REPORTS!$AA$2) -> ALT_F | AA13: =CONCATENATE("WET THRESHOLD ", REPORTS!$AA$2) -> WET THRESHOLD Alt_F | AB13: =CONCATENATE("DRY THRESHOLD ", REPORTS!$AA$2) -> DRY THRESHOLD Alt_F
B14: 2080-81 | C14: 63.072636 | N14: WET | P14: AVERAGE | R14: DRY | Y14: =B14 -> 2080-81 | Z14: =C14 -> 63.072636 | AA14: =I$26 -> 61.180433 | AB14: =I$23 -> 47.812653
B15: 2081-82 | C15: 49.108883 | N15: YEAR | O15: VOLUME | P15: YEAR | Q15: VOLUME | R15: YEAR | S15: VOLUME | Y15: =B15 -> 2081-82 | Z15: =C15 -> 49.108883 | AA15: =I$26 -> 61.180433 | AB15: =I$23 -> 47.812653
B16: 2082-83 | C16: 53.830959 | N16: 2080-81 | O16: 63.072636 | P16: 2081-82 | Q16: 49.108883 | R16: 2089-90 | S16: 41.25753 | Y16: =B16 -> 2082-83 | Z16: =C16 -> 53.830959 | AA16: =I$26 -> 61.180433 | AB16: =I$23 -> 47.812653
B17: 2083-84 | C17: 70.150871 | N17: 2083-84 | O17: 70.150871 | P17: 2082-83 | Q17: 53.830959 | R17: 2091-92 | S17: 46.516422 | Y17: =B17 -> 2083-84 | Z17: =C17 -> 70.150871 | AA17: =I$26 -> 61.180433 | AB17: =I$23 -> 47.812653
B18: 2084-85 | C18: 70.799438 | N18: 2084-85 | O18: 70.799438 | P18: 2085-86 | Q18: 50.573441 | R18: 2092-93 | S18: 46.315048 | Y18: =B18 -> 2084-85 | Z18: =C18 -> 70.799438 | AA18: =I$26 -> 61.180433 | AB18: =I$23 -> 47.812653
B19: 2085-86 | C19: 50.573441 | N19: 2087-88 | O19: 66.402969 | P19: 2086-87 | Q19: 59.040455 | R19: 2095-96 | S19: 45.861164 | Y19: =B19 -> 2085-86 | Z19: =C19 -> 50.573441 | AA19: =I$26 -> 61.180433 | AB19: =I$23 -> 47.812653
B20: 2086-87 | C20: 59.040455 | G20: DESCRIPTIVE STATISTICS | N20: 2090-91 | O20: 62.096706 | P20: 2088-89 | Q20: 53.614456 | R20: 2100-01 | S20: 37.575661 | Y20: =B20 -> 2086-87 | Z20: =C20 -> 59.040455 | AA20: =I$26 -> 61.180433 | AB20: =I$23 -> 47.812653
B21: 2087-88 | C21: 66.402969 | P21: 2093-94 | Q21: 52.887718 | Y21: =B21 -> 2087-88 | Z21: =C21 -> 66.402969 | AA21: =I$26 -> 61.180433 | AB21: =I$23 -> 47.812653
B22: 2088-89 | C22: 53.614456 | G22: MINIMUM | I22: =MIN(C14:C614) -> 37.575661 | J22: hm3 | P22: 2094-95 | Q22: 50.793694 | Y22: =B22 -> 2088-89 | Z22: =C22 -> 53.614456 | AA22: =I$26 -> 61.180433 | AB22: =I$23 -> 47.812653
B23: 2089-90 | C23: 41.25753 | G23: 75th percentile exceedance (P75) | I23: =_xlfn.PERCENTILE.EXC(C14:C614,0.25) -> 47.812653 | J23: hm3 | P23: 2096-97 | Q23: 55.026752 | Y23: =B23 -> 2089-90 | Z23: =C23 -> 41.25753 | AA23: =I$26 -> 61.180433 | AB23: =I$23 -> 47.812653
B24: 2090-91 | C24: 62.096706 | G24: 50th percentile exceedance (P50) | I24: =_xlfn.PERCENTILE.EXC(C14:C614,0.5) -> 53.614456 | J24: hm3 | P24: 2097-98 | Q24: 59.504578 | Y24: =B24 -> 2090-91 | Z24: =C24 -> 62.096706 | AA24: =I$26 -> 61.180433 | AB24: =I$23 -> 47.812653
B25: 2091-92 | C25: 46.516422 | G25: MEAN | I25: =AVERAGE(C14:C614) -> 54.491479 | J25: hm3 | P25: 2098-99 | Q25: 60.26416 | Y25: =B25 -> 2091-92 | Z25: =C25 -> 46.516422 | AA25: =I$26 -> 61.180433 | AB25: =I$23 -> 47.812653
B26: 2092-93 | C26: 46.315048 | G26: 25th percentile exceedance (P25) | I26: =_xlfn.PERCENTILE.EXC(C14:C614,0.75) -> 61.180433 | J26: hm3 | L26: =REPORTS!$AA$1 -> Nat_F | P26: 2099-00 | Q26: 49.62751 | Y26: =B26 -> 2092-93 | Z26: =C26 -> 46.315048 | AA26: =I$26 -> 61.180433 | AB26: =I$23 -> 47.812653
B27: 2093-94 | C27: 52.887718 | G27: MAXIMUM | I27: =MAX(C14:C614) -> 70.799438 | J27: hm3 | L27: =REPORTS!$AA$2 -> Alt_F | Y27: =B27 -> 2093-94 | Z27: =C27 -> 52.887718 | AA27: =I$26 -> 61.180433 | AB27: =I$23 -> 47.812653
B28: 2094-95 | C28: 50.793694 | G28: INTERQUARTILE RANGE | I28: =I26-I23 -> 13.367781 | J28: hm3 | Y28: =B28 -> 2094-95 | Z28: =C28 -> 50.793694 | AA28: =I$26 -> 61.180433 | AB28: =I$23 -> 47.812653
B29: 2095-96 | C29: 45.861164 | G29: Coefficient of variation | I29: =_xlfn.STDEV.S(C14:C614) -> 8.9878057 | Y29: =B29 -> 2095-96 | Z29: =C29 -> 45.861164 | AA29: =I$26 -> 61.180433 | AB29: =I$23 -> 47.812653
B30: 2096-97 | C30: 55.026752 | G30: Coefficient of skewness | I30: =SKEW(C14:C614) -> 0.16059519 | Y30: =B30 -> 2096-97 | Z30: =C30 -> 55.026752 | AA30: =I$26 -> 61.180433 | AB30: =I$23 -> 47.812653
B31: 2097-98 | C31: 59.504578 | Y31: =B31 -> 2097-98 | Z31: =C31 -> 59.504578 | AA31: =I$26 -> 61.180433 | AB31: =I$23 -> 47.812653
B32: 2098-99 | C32: 60.26416 | Y32: =B32 -> 2098-99 | Z32: =C32 -> 60.26416 | AA32: =I$26 -> 61.180433 | AB32: =I$23 -> 47.812653
B33: 2099-00 | C33: 49.62751 | G33: =UPPER(REPORTS!$AA$2) -> ALT_F | Y33: =B33 -> 2099-00 | Z33: =C33 -> 49.62751 | AA33: =I$26 -> 61.180433 | AB33: =I$23 -> 47.812653
B34: 2100-01 | C34: 37.575661 | Y34: =B34 -> 2100-01 | Z34: =C34 -> 37.575661 | AA34: =I$26 -> 61.180433 | AB34: =I$23 -> 47.812653
Y35: =B35 -> 0 | Z35: =C35 -> 0 | AA35: =I$26 -> 61.180433 | AB35: =I$23 -> 47.812653
Y36: =B36 -> 0 | Z36: =C36 -> 0 | AA36: =I$26 -> 61.180433 | AB36: =I$23 -> 47.812653
Y37: =B37 -> 0 | Z37: =C37 -> 0 | AA37: =I$26 -> 61.180433 | AB37: =I$23 -> 47.812653
Y38: =B38 -> 0 | Z38: =C38 -> 0 | AA38: =I$26 -> 61.180433 | AB38: =I$23 -> 47.812653
Y39: =B39 -> 0 | Z39: =C39 -> 0 | AA39: =I$26 -> 61.180433 | AB39: =I$23 -> 47.812653
Y40: =B40 -> 0 | Z40: =C40 -> 0 | AA40: =I$26 -> 61.180433 | AB40: =I$23 -> 47.812653
Y41: =B41 -> 0 | Z41: =C41 -> 0 | AA41: =I$26 -> 61.180433 | AB41: =I$23 -> 47.812653
Y42: =B42 -> 0 | Z42: =C42 -> 0 | AA42: =I$26 -> 61.180433 | AB42: =I$23 -> 47.812653
Y43: =B43 -> 0 | Z43: =C43 -> 0 | AA43: =I$26 -> 61.180433 | AB43: =I$23 -> 47.812653
Y44: =B44 -> 0 | Z44: =C44 -> 0 | AA44: =I$26 -> 61.180433 | AB44: =I$23 -> 47.812653
Y45: =B45 -> 0 | Z45: =C45 -> 0 | AA45: =I$26 -> 61.180433 | AB45: =I$23 -> 47.812653
Y46: =B46 -> 0 | Z46: =C46 -> 0 | AA46: =I$26 -> 61.180433 | AB46: =I$23 -> 47.812653
... Y614: =B614 -> 0 | Z614: =C614 -> 0 | AA614: =I$26 -> 61.180433 | AB614: =I$23 -> 47.812653

Sheet Informe nº 1b
B2: REPORT Nº 1b | F2: =CONCATENATE(UPPER(REPORTS!$AB$1)," Y ",UPPER(REPORTS!$AB$2)) -> NATURAL FLOW Y ALTERED FLOW
F3: CHARACTERIZATION OF THE INTERANNUAL VARIABILITY
B5: NATURAL FLOW CODE (Abbreviation): | F5: =REPORTS!E7 -> Natural Flow (Nat_F)
B6: ALTERED FLOW CODE (Abbreviation): | F6: =REPORTS!E8 -> Altered Flow (Alt_F) | U6: =CONCATENATE("ANNUAL CONTRIBUTIONS IN ",UPPER(REPORTS!$AB$1)," Y ",UPPER(REPORTS!$AB$2)," (hm³)") -> ANNUAL CONTRIBUTIONS IN NATURAL FLOW Y ALTERED FLOW (hm³)
B7: DATE: | F7: 18/05/2026
B11: CONTRIBUTION DATA | F11: RESULTS
B12: YEAR | C12: =REPORTS!$AA$1 -> Nat_F | D12: =REPORTS!$AA$2 -> Alt_F
C13: hm3 | D13: hm3 | F13: CHARACTERIZATION OF INTERANNUAL VARIABILITY Wet years: Contributions are greater than or equal to the third quartile. Dry years: Contributions are less than or equal to the first quartile. Average years: Contributions fall between the first and third quartiles. | Z13: AÑO | AA13: =UPPER(REPORTS!$AA$1) -> NAT_F | AB13: =CONCATENATE("UMBRAL HÚMEDO ", UPPER(REPORTS!$AA$1)) -> UMBRAL HÚMEDO NAT_F | AC13: =CONCATENATE("UMBRAL SECO ", UPPER(REPORTS!$AA$1)) -> UMBRAL SECO NAT_F | AD13: =UPPER(REPORTS!$AA$2) -> ALT_F | AE13: =CONCATENATE("UMBRAL HÚMEDO ", UPPER(REPORTS!$AA$2)) -> UMBRAL HÚMEDO ALT_F | AF13: =CONCATENATE("UMBRAL SECO ", UPPER(REPORTS!$AA$2)) -> UMBRAL SECO ALT_F
B14: 1990-91 | C14: 92.207642 | P14: =UPPER(REPORTS!$AA$1) -> NAT_F | Q14: =UPPER(REPORTS!$AA$2) -> ALT_F | Z14: =B14 -> 1990-91 | AA14: =C14 -> 92.207642 | AB14: =$J$24 -> 105.73929 | AC14: =$J$25 -> 89.406956 | AD14: =D14 -> 0 | AE14: =$K$24 -> 61.180433 | AF14: =$K$25 -> 47.812653
B15: 1991-92 | C15: 97.979019 | Z15: =B15 -> 1991-92 | AA15: =C15 -> 97.979019 | AB15: =$J$24 -> 105.73929 | AC15: =$J$25 -> 89.406956 | AD15: =D15 -> 0 | AE15: =$K$24 -> 61.180433 | AF15: =$K$25 -> 47.812653
B16: 1992-93 | C16: 100.9414 | Z16: =B16 -> 1992-93 | AA16: =C16 -> 100.9414 | AB16: =$J$24 -> 105.73929 | AC16: =$J$25 -> 89.406956 | AD16: =D16 -> 0 | AE16: =$K$24 -> 61.180433 | AF16: =$K$25 -> 47.812653
B17: 1993-94 | C17: 99.4795 | Z17: =B17 -> 1993-94 | AA17: =C17 -> 99.4795 | AB17: =$J$24 -> 105.73929 | AC17: =$J$25 -> 89.406956 | AD17: =D17 -> 0 | AE17: =$K$24 -> 61.180433 | AF17: =$K$25 -> 47.812653
B18: 1994-95 | C18: 103.67399 | Z18: =B18 -> 1994-95 | AA18: =C18 -> 103.67399 | AB18: =$J$24 -> 105.73929 | AC18: =$J$25 -> 89.406956 | AD18: =D18 -> 0 | AE18: =$K$24 -> 61.180433 | AF18: =$K$25 -> 47.812653
B19: 1995-96 | C19: 109.82182 | Z19: =B19 -> 1995-96 | AA19: =C19 -> 109.82182 | AB19: =$J$24 -> 105.73929 | AC19: =$J$25 -> 89.406956 | AD19: =D19 -> 0 | AE19: =$K$24 -> 61.180433 | AF19: =$K$25 -> 47.812653
B20: 1996-97 | C20: 118.52345 | Z20: =B20 -> 1996-97 | AA20: =C20 -> 118.52345 | AB20: =$J$24 -> 105.73929 | AC20: =$J$25 -> 89.406956 | AD20: =D20 -> 0 | AE20: =$K$24 -> 61.180433 | AF20: =$K$25 -> 47.812653
B21: 1997-98 | C21: 116.8333 | Z21: =B21 -> 1997-98 | AA21: =C21 -> 116.8333 | AB21: =$J$24 -> 105.73929 | AC21: =$J$25 -> 89.406956 | AD21: =D21 -> 0 | AE21: =$K$24 -> 61.180433 | AF21: =$K$25 -> 47.812653
B22: 1998-99 | C22: 102.62631 | H22: Thresholds for Year Types (hm3) | J22: =REPORTS!$AA$1 -> Nat_F | K22: =REPORTS!$AA$2 -> Alt_F | Z22: =B22 -> 1998-99 | AA22: =C22 -> 102.62631 | AB22: =$J$24 -> 105.73929 | AC22: =$J$25 -> 89.406956 | AD22: =D22 -> 0 | AE22: =$K$24 -> 61.180433 | AF22: =$K$25 -> 47.812653
B23: 1999-00 | C23: 82.448441 | J23: hm3 | K23: hm3 | Z23: =B23 -> 1999-00 | AA23: =C23 -> 82.448441 | AB23: =$J$24 -> 105.73929 | AC23: =$J$25 -> 89.406956 | AD23: =D23 -> 0 | AE23: =$K$24 -> 61.180433 | AF23: =$K$25 -> 47.812653
B24: 2000-01 | C24: 73.9701 | H24: WET YEAR | J24: =_xlfn.PERCENTILE.EXC(C14:C614,0.75) -> 105.73929 | K24: =_xlfn.PERCENTILE.EXC(D14:D614,0.75) -> 61.180433 | Z24: =B24 -> 2000-01 | AA24: =C24 -> 73.9701 | AB24: =$J$24 -> 105.73929 | AC24: =$J$25 -> 89.406956 | AD24: =D24 -> 0 | AE24: =$K$24 -> 61.180433 | AF24: =$K$25 -> 47.812653
B25: 2001-02 | C25: 90.610657 | H25: DRY YEAR | J25: =_xlfn.PERCENTILE.EXC(C14:C615,0.25) -> 89.406956 | K25: =_xlfn.PERCENTILE.EXC(D14:D615,0.25) -> 47.812653 | Z25: =B25 -> 2001-02 | AA25: =C25 -> 90.610657 | AB25: =$J$24 -> 105.73929 | AC25: =$J$25 -> 89.406956 | AD25: =D25 -> 0 | AE25: =$K$24 -> 61.180433 | AF25: =$K$25 -> 47.812653
B26: 2002-03 | C26: 93.292648 | M26: =REPORTS!$AA$1 -> Nat_F | Z26: =B26 -> 2002-03 | AA26: =C26 -> 93.292648 | AB26: =$J$24 -> 105.73929 | AC26: =$J$25 -> 89.406956 | AD26: =D26 -> 0 | AE26: =$K$24 -> 61.180433 | AF26: =$K$25 -> 47.812653
B27: 2003-04 | C27: 107.8046 | Z27: =B27 -> 2003-04 | AA27: =C27 -> 107.8046 | AB27: =$J$24 -> 105.73929 | AC27: =$J$25 -> 89.406956 | AD27: =D27 -> 0 | AE27: =$K$24 -> 61.180433 | AF27: =$K$25 -> 47.812653
B28: 2004-05 | C28: 99.997284 | Z28: =B28 -> 2004-05 | AA28: =C28 -> 99.997284 | AB28: =$J$24 -> 105.73929 | AC28: =$J$25 -> 89.406956 | AD28: =D28 -> 0 | AE28: =$K$24 -> 61.180433 | AF28: =$K$25 -> 47.812653
B29: 2005-06 | C29: 87.014267 | Z29: =B29 -> 2005-06 | AA29: =C29 -> 87.014267 | AB29: =$J$24 -> 105.73929 | AC29: =$J$25 -> 89.406956 | AD29: =D29 -> 0 | AE29: =$K$24 -> 61.180433 | AF29: =$K$25 -> 47.812653
B30: 2006-07 | C30: 88.203255 | Z30: =B30 -> 2006-07 | AA30: =C30 -> 88.203255 | AB30: =$J$24 -> 105.73929 | AC30: =$J$25 -> 89.406956 | AD30: =D30 -> 0 | AE30: =$K$24 -> 61.180433 | AF30: =$K$25 -> 47.812653
B31: 2007-08 | C31: 93.575554 | Z31: =B31 -> 2007-08 | AA31: =C31 -> 93.575554 | AB31: =$J$24 -> 105.73929 | AC31: =$J$25 -> 89.406956 | AD31: =D31 -> 0 | AE31: =$K$24 -> 61.180433 | AF31: =$K$25 -> 47.812653
B32: 2008-09 | C32: 114.8331 | Z32: =B32 -> 2008-09 | AA32: =C32 -> 114.8331 | AB32: =$J$24 -> 105.73929 | AC32: =$J$25 -> 89.406956 | AD32: =D32 -> 0 | AE32: =$K$24 -> 61.180433 | AF32: =$K$25 -> 47.812653
B33: 2009-10 | C33: 78.004105 | Z33: =B33 -> 2009-10 | AA33: =C33 -> 78.004105 | AB33: =$J$24 -> 105.73929 | AC33: =$J$25 -> 89.406956 | AD33: =D33 -> 0 | AE33: =$K$24 -> 61.180433 | AF33: =$K$25 -> 47.812653
B34: 2010-11 | C34: 100.32731 | Z34: =B34 -> 2010-11 | AA34: =C34 -> 100.32731 | AB34: =$J$24 -> 105.73929 | AC34: =$J$25 -> 89.406956 | AD34: =D34 -> 0 | AE34: =$K$24 -> 61.180433 | AF34: =$K$25 -> 47.812653
B35: 2080-81 | D35: 63.072636 | Z35: =B35 -> 2080-81 | AA35: =C35 -> 0 | AB35: =$J$24 -> 105.73929 | AC35: =$J$25 -> 89.406956 | AD35: =D35 -> 63.072636 | AE35: =$K$24 -> 61.180433 | AF35: =$K$25 -> 47.812653
B36: 2081-82 | D36: 49.108883 | Z36: =B36 -> 2081-82 | AA36: =C36 -> 0 | AB36: =$J$24 -> 105.73929 | AC36: =$J$25 -> 89.406956 | AD36: =D36 -> 49.108883 | AE36: =$K$24 -> 61.180433 | AF36: =$K$25 -> 47.812653
B37: 2082-83 | D37: 53.830959 | Z37: =B37 -> 2082-83 | AA37: =C37 -> 0 | AB37: =$J$24 -> 105.73929 | AC37: =$J$25 -> 89.406956 | AD37: =D37 -> 53.830959 | AE37: =$K$24 -> 61.180433 | AF37: =$K$25 -> 47.812653
B38: 2083-84 | D38: 70.150871 | Z38: =B38 -> 2083-84 | AA38: =C38 -> 0 | AB38: =$J$24 -> 105.73929 | AC38: =$J$25 -> 89.406956 | AD38: =D38 -> 70.150871 | AE38: =$K$24 -> 61.180433 | AF38: =$K$25 -> 47.812653
B39: 2084-85 | D39: 70.799438 | Z39: =B39 -> 2084-85 | AA39: =C39 -> 0 | AB39: =$J$24 -> 105.73929 | AC39: =$J$25 -> 89.406956 | AD39: =D39 -> 70.799438 | AE39: =$K$24 -> 61.180433 | AF39: =$K$25 -> 47.812653
B40: 2085-86 | D40: 50.573441 | Z40: =B40 -> 2085-86 | AA40: =C40 -> 0 | AB40: =$J$24 -> 105.73929 | AC40: =$J$25 -> 89.406956 | AD40: =D40 -> 50.573441 | AE40: =$K$24 -> 61.180433 | AF40: =$K$25 -> 47.812653
B41: 2086-87 | D41: 59.040455 | Z41: =B41 -> 2086-87 | AA41: =C41 -> 0 | AB41: =$J$24 -> 105.73929 | AC41: =$J$25 -> 89.406956 | AD41: =D41 -> 59.040455 | AE41: =$K$24 -> 61.180433 | AF41: =$K$25 -> 47.812653
B42: 2087-88 | D42: 66.402969 | Z42: =B42 -> 2087-88 | AA42: =C42 -> 0 | AB42: =$J$24 -> 105.73929 | AC42: =$J$25 -> 89.406956 | AD42: =D42 -> 66.402969 | AE42: =$K$24 -> 61.180433 | AF42: =$K$25 -> 47.812653
B43: 2088-89 | D43: 53.614456 | Z43: =B43 -> 2088-89 | AA43: =C43 -> 0 | AB43: =$J$24 -> 105.73929 | AC43: =$J$25 -> 89.406956 | AD43: =D43 -> 53.614456 | AE43: =$K$24 -> 61.180433 | AF43: =$K$25 -> 47.812653
B44: 2089-90 | D44: 41.25753 | Z44: =B44 -> 2089-90 | AA44: =C44 -> 0 | AB44: =$J$24 -> 105.73929 | AC44: =$J$25 -> 89.406956 | AD44: =D44 -> 41.25753 | AE44: =$K$24 -> 61.180433 | AF44: =$K$25 -> 47.812653
B45: 2090-91 | D45: 62.096706 | Z45: =B45 -> 2090-91 | AA45: =C45 -> 0 | AB45: =$J$24 -> 105.73929 | AC45: =$J$25 -> 89.406956 | AD45: =D45 -> 62.096706 | AE45: =$K$24 -> 61.180433 | AF45: =$K$25 -> 47.812653
B46: 2091-92 | D46: 46.516422 | Z46: =B46 -> 2091-92 | AA46: =C46 -> 0 | AB46: =$J$24 -> 105.73929 | AC46: =$J$25 -> 89.406956 | AD46: =D46 -> 46.516422 | AE46: =$K$24 -> 61.180433 | AF46: =$K$25 -> 47.812653
... B55: 2100-01 | D55: 37.575661 | Z55: =B55 -> 2100-01 | AA55: =C55 -> 0 | AB55: =$J$24 -> 105.73929 | AC55: =$J$25 -> 89.406956 | AD55: =D55 -> 37.575661 | AE55: =$K$24 -> 61.180433 | AF55: =$K$25 -> 47.812653
Z56: =B56 -> 0 | AA56: =C56 -> 0 | AB56: =$J$24 -> 105.73929 | AC56: =$J$25 -> 89.406956 | AD56: =D56 -> 0 | AE56: =$K$24 -> 61.180433 | AF56: =$K$25 -> 47.812653
Z57: =B57 -> 0 | AA57: =C57 -> 0 | AB57: =$J$24 -> 105.73929 | AC57: =$J$25 -> 89.406956 | AD57: =D57 -> 0 | AE57: =$K$24 -> 61.180433 | AF57: =$K$25 -> 47.812653
Z58: =B58 -> 0 | AA58: =C58 -> 0 | AB58: =$J$24 -> 105.73929 | AC58: =$J$25 -> 89.406956 | AD58: =D58 -> 0 | AE58: =$K$24 -> 61.180433 | AF58: =$K$25 -> 47.812653
Z59: =B59 -> 0 | AA59: =C59 -> 0 | AB59: =$J$24 -> 105.73929 | AC59: =$J$25 -> 89.406956 | AD59: =D59 -> 0 | AE59: =$K$24 -> 61.180433 | AF59: =$K$25 -> 47.812653
Z60: =B60 -> 0 | AA60: =C60 -> 0 | AB60: =$J$24 -> 105.73929 | AC60: =$J$25 -> 89.406956 | AD60: =D60 -> 0 | AE60: =$K$24 -> 61.180433 | AF60: =$K$25 -> 47.812653
Z61: =B61 -> 0 | AA61: =C61 -> 0 | AB61: =$J$24 -> 105.73929 | AC61: =$J$25 -> 89.406956 | AD61: =D61 -> 0 | AE61: =$K$24 -> 61.180433 | AF61: =$K$25 -> 47.812653
Z62: =B62 -> 0 | AA62: =C62 -> 0 | AB62: =$J$24 -> 105.73929 | AC62: =$J$25 -> 89.406956 | AD62: =D62 -> 0 | AE62: =$K$24 -> 61.180433 | AF62: =$K$25 -> 47.812653
Z63: =B63 -> 0 | AA63: =C63 -> 0 | AB63: =$J$24 -> 105.73929 | AC63: =$J$25 -> 89.406956 | AD63: =D63 -> 0 | AE63: =$K$24 -> 61.180433 | AF63: =$K$25 -> 47.812653
Z64: =B64 -> 0 | AA64: =C64 -> 0 | AB64: =$J$24 -> 105.73929 | AC64: =$J$25 -> 89.406956 | AD64: =D64 -> 0 | AE64: =$K$24 -> 61.180433 | AF64: =$K$25 -> 47.812653
Z65: =B65 -> 0 | AA65: =C65 -> 0 | AB65: =$J$24 -> 105.73929 | AC65: =$J$25 -> 89.406956 | AD65: =D65 -> 0 | AE65: =$K$24 -> 61.180433 | AF65: =$K$25 -> 47.812653
Z66: =B66 -> 0 | AA66: =C66 -> 0 | AB66: =$J$24 -> 105.73929 | AC66: =$J$25 -> 89.406956 | AD66: =D66 -> 0 | AE66: =$K$24 -> 61.180433 | AF66: =$K$25 -> 47.812653
Z67: =B67 -> 0 | AA67: =C67 -> 0 | AB67: =$J$24 -> 105.73929 | AC67: =$J$25 -> 89.406956 | AD67: =D67 -> 0 | AE67: =$K$24 -> 61.180433 | AF67: =$K$25 -> 47.812653
... Z614: =B614 -> 0 | AA614: =C614 -> 0 | AB614: =$J$24 -> 105.73929 | AC614: =$J$25 -> 89.406956 | AD614: =D614 -> 0 | AE614: =$K$24 -> 61.180433 | AF614: =$K$25 -> 47.812653

Sheet Informe nº 2
B2: REPORT Nº 2 | E2: =UPPER(REPORTS!$AB$1) -> NATURAL FLOW | S2: MONTHLY CONTRIBUTIONS (hm3)
E3: CHARACTERIZATION OF THE INTRA-ANNUAL VARIABILITY (STATISTICS) | Q3: STATISTICS | S3: =C14 -> Jan | T3: =D14 -> Feb | U3: =E14 -> Mar | V3: =F14 -> Apr | W3: =G14 -> May | X3: =H14 -> Jun | Y3: =I14 -> Jul | Z3: =J14 -> Aug | ... AD3: =N14 -> Dec
Q4: MINIMUM | S4: =MIN(C12:C612) -> 9.4067135 | T4: =MIN(D12:D612) -> 8.7175865 | U4: =MIN(E12:E612) -> 8.0987911 | V4: =MIN(F12:F612) -> 8.6432829 | W4: =MIN(G12:G612) -> 8.5523901 | X4: =MIN(H12:H612) -> 3.371388 | Y4: =MIN(I12:I612) -> 0.87557751 | Z4: =MIN(J12:J612) -> 0.41032231 | ... AD4: =MIN(N12:N612) -> 5.365181 | AF4: =CONCATENATE("MONTHLY CONTRIBUTIONS IN ",UPPER(REPORTS!$AB$1)," (hm³)") -> MONTHLY CONTRIBUTIONS IN NATURAL FLOW (hm³)
B5: NATURAL FLOW CODE (Abbreviation): | E5: =REPORTS!E7 -> Natural Flow (Nat_F) | Q5: 75th percentile exceedance (P75) | S5: =_xlfn.PERCENTILE.EXC(C12:C612,0.25) -> 12.734236 | T5: =_xlfn.PERCENTILE.EXC(D12:D612,0.25) -> 10.280736 | U5: =_xlfn.PERCENTILE.EXC(E12:E612,0.25) -> 9.8122759 | V5: =_xlfn.PERCENTILE.EXC(F12:F612,0.25) -> 11.105682 | W5: =_xlfn.PERCENTILE.EXC(G12:G612,0.25) -> 10.983644 | X5: =_xlfn.PERCENTILE.EXC(H12:H612,0.25) -> 4.309628 | Y5: =_xlfn.PERCENTILE.EXC(I12:I612,0.25) -> 1.0327262 | Z5: =_xlfn.PERCENTILE.EXC(J12:J612,0.25) -> 0.45033842 | ... AD5: =_xlfn.PERCENTILE.EXC(N12:N612,0.25) -> 12.483418
B6: ALTERED FLOW CODE (Abbreviation): | E6: =REPORTS!E8 -> Altered Flow (Alt_F) | Q6: 50th percentile exceedance (P50) | S6: =_xlfn.PERCENTILE.EXC(C12:C612,0.5) -> 14.372986 | T6: =_xlfn.PERCENTILE.EXC(D12:D612,0.5) -> 12.314159 | U6: =_xlfn.PERCENTILE.EXC(E12:E612,0.5) -> 11.537078 | V6: =_xlfn.PERCENTILE.EXC(F12:F612,0.5) -> 13.178936 | W6: =_xlfn.PERCENTILE.EXC(G12:G612,0.5) -> 13.492225 | X6: =_xlfn.PERCENTILE.EXC(H12:H612,0.5) -> 4.8620734 | Y6: =_xlfn.PERCENTILE.EXC(I12:I612,0.5) -> 1.1413268 | Z6: =_xlfn.PERCENTILE.EXC(J12:J612,0.5) -> 0.48838466 | ... AD6: =_xlfn.PERCENTILE.EXC(N12:N612,0.5) -> 14.289956
B7: DATE: | E7: 18/05/2026 | Q7: MEAN | S7: =AVERAGE(C12:C612) -> 14.578268 | T7: =AVERAGE(D12:D612) -> 11.757654 | U7: =AVERAGE(E12:E612) -> 11.808453 | V7: =AVERAGE(F12:F612) -> 12.994753 | W7: =AVERAGE(G12:G612) -> 13.640536 | X7: =AVERAGE(H12:H612) -> 5.2164593 | Y7: =AVERAGE(I12:I612) -> 1.1932494 | Z7: =AVERAGE(J12:J612) -> 0.5054828 | ... AD7: =AVERAGE(N12:N612) -> 14.761971
Q8: 25th percentile exceedance (P25) | S8: =_xlfn.PERCENTILE.EXC(C12:C612,0.75) -> 16.780563 | T8: =_xlfn.PERCENTILE.EXC(D12:D612,0.75) -> 12.938918 | U8: =_xlfn.PERCENTILE.EXC(E12:E612,0.75) -> 12.809879 | V8: =_xlfn.PERCENTILE.EXC(F12:F612,0.75) -> 14.612659 | W8: =_xlfn.PERCENTILE.EXC(G12:G612,0.75) -> 16.170277 | X8: =_xlfn.PERCENTILE.EXC(H12:H612,0.75) -> 6.3332067 | Y8: =_xlfn.PERCENTILE.EXC(I12:I612,0.75) -> 1.3297781 | Z8: =_xlfn.PERCENTILE.EXC(J12:J612,0.75) -> 0.55520201 | ... AD8: =_xlfn.PERCENTILE.EXC(N12:N612,0.75) -> 17.754292
Q9: MAXIMUM | S9: =MAX(C12:C612) -> 19.403191 | T9: =MAX(D12:D612) -> 14.505524 | U9: =MAX(E12:E612) -> 16.793915 | V9: =MAX(F12:F612) -> 16.607893 | W9: =MAX(G12:G612) -> 19.9711 | X9: =MAX(H12:H612) -> 7.2789402 | Y9: =MAX(I12:I612) -> 1.5791848 | Z9: =MAX(J12:J612) -> 0.65658814 | ... AD9: =MAX(N12:N612) -> 23.475832
Q10: INTERQUARTILE RANGE | S10: =S8-S5 -> 4.0463271 | T10: =T8-T5 -> 2.6581817 | U10: =U8-U5 -> 2.9976029 | V10: =V8-V5 -> 3.5069761 | W10: =W8-W5 -> 5.1866331 | X10: =X8-X5 -> 2.0235786 | Y10: =Y8-Y5 -> 0.29705197 | Z10: =Z8-Z5 -> 0.10486358 | ... AD10: =AD8-AD5 -> 5.270874
Q11: Coefficient of variation | S11: =_xlfn.STDEV.S(C12:C612) -> 2.6370521 | T11: =_xlfn.STDEV.S(D12:D612) -> 1.6541842 | U11: =_xlfn.STDEV.S(E12:E612) -> 2.4213605 | V11: =_xlfn.STDEV.S(F12:F612) -> 2.0807962 | W11: =_xlfn.STDEV.S(G12:G612) -> 2.98735 | X11: =_xlfn.STDEV.S(H12:H612) -> 1.14691 | Y11: =_xlfn.STDEV.S(I12:I612) -> 0.22014095 | Z11: =_xlfn.STDEV.S(J12:J612) -> 0.070695671 | ... AD11: =_xlfn.STDEV.S(N12:N612) -> 3.8946307
Q12: Coefficient of skewness | S12: =SKEW(C12:C612) -> -0.047853954 | T12: =SKEW(D12:D612) -> -0.41758739 | U12: =SKEW(E12:E612) -> 0.59400394 | V12: =SKEW(F12:F612) -> -0.16773001 | W12: =SKEW(G12:G612) -> 0.34115392 | X12: =SKEW(H12:H612) -> 0.29078529 | Y12: =SKEW(I12:I612) -> 0.49959535 | Z12: =SKEW(J12:J612) -> 0.73086299 | ... AD12: =SKEW(N12:N612) -> -0.078175774
B13: YEAR | C13: MONTHLY CONTRIBUTION (hm3) | O13: Extreme variability
C14: Jan | D14: Feb | E14: Mar | F14: Apr | G14: May | H14: Jun | I14: Jul | J14: Aug | K14: Sep | L14: Oct | M14: Nov | N14: Dec
B15: 1990 | C15: 13.545962 | D15: 11.747461 | E15: 12.202013 | F15: 15.218756 | G15: 12.126928 | H15: 4.6181841 | I15: 1.0645087 | J15: 0.46942842 | K15: 0.80473828 | L15: 2.321594 | M15: 5.1065431 | N15: 12.981514 | O15: =MAX(C15:N15) - MIN(C15:N15) -> 14.749327 | S15: RELATIVE FREQUENCIES
B16: 1991 | C16: 16.794256 | D16: 8.7175865 | E16: 16.352671 | F16: 13.571713 | G16: 13.358129 | H16: 5.177279 | I16: 1.1413268 | J16: 0.47246975 | K16: 0.37693983 | L16: 2.9658785 | M16: 7.3560948 | N16: 11.694672 | O16: =MAX(C16:N16) - MIN(C16:N16) -> 16.417316 | S16: =C14 -> Jan | T16: =D14 -> Feb | U16: =E14 -> Mar | V16: =F14 -> Apr | W16: =G14 -> May | X16: =H14 -> Jun | Y16: =I14 -> Jul | Z16: =J14 -> Aug | ... AD16: =N14 -> Dec
B17: 1992 | C17: 14.503277 | D17: 14.505524 | E17: 13.186452 | F17: 15.144795 | G17: 10.68984 | H17: 4.7894454 | I17: 1.1124948 | J17: 0.50251102 | K17: 0.47787845 | L17: 3.2715962 | M17: 8.4676332 | N17: 14.289956 | O17: =MAX(C17:N17) - MIN(C17:N17) -> 14.666917 | Q17: Maximum monthly contribution | S17: 0.19047619 | T17: 0 | U17: 0 | V17: 0.095238097 | W17: 0.19047619 | X17: 0 | Y17: 0 | Z17: 0 | AA17: 0 | AB17: 0 | AC17: 0 | AD17: 0.52380955
B18: 1993 | C18: 11.507702 | D18: 10.80674 | E18: 11.173593 | F18: 11.190614 | G18: 14.02704 | H18: 6.1683812 | I18: 1.3343531 | J18: 0.50165564 | K18: 0.36047891 | L18: 2.5453959 | M18: 10.988697 | N18: 18.874857 | O18: =MAX(C18:N18) - MIN(C18:N18) -> 18.514378 | Q18: Minimum monthly contribution | S18: 0 | T18: 0 | U18: 0 | V18: 0 | W18: 0 | X18: 0 | Y18: 0 | Z18: 0.5714286 | AA18: 0.42857143 | AB18: 0 | AC18: 0 | AD18: 0
B19: 1994 | C19: 16.381269 | D19: 13.207364 | E19: 11.537078 | F19: 13.448418 | G19: 17.726603 | H19: 7.0030651 | I19: 1.5718752 | J19: 0.61138374 | K19: 0.5150218 | L19: 1.6431723 | M19: 7.3767447 | N19: 12.651982 | O19: =MAX(C19:N19) - MIN(C19:N19) -> 17.211581
B20: 1995 | C20: 14.372986 | D20: 12.314159 | E20: 11.501395 | F20: 16.607893 | G20: 17.286999 | H20: 5.3214188 | I20: 1.2905395 | J20: 0.56764787 | K20: 0.53283745 | L20: 3.4835958 | M20: 8.5855684 | N20: 17.95677 | O20: =MAX(C20:N20) - MIN(C20:N20) -> 17.423932
B21: 1996 | C21: 18.485537 | D21: 12.886473 | E21: 12.409114 | F21: 10.667462 | G21: 13.492225 | H21: 5.9097428 | I21: 1.3046919 | J21: 0.54275614 | K21: 0.65722752 | L21: 5.4806113 | M21: 13.21177 | N21: 23.475832 | O21: =MAX(C21:N21) - MIN(C21:N21) -> 22.933076
B22: 1997 | C22: 16.76687 | D22: 12.991363 | E22: 10.935993 | F22: 14.86071 | G22: 19.9711 | H22: 6.65731 | I22: 1.5115422 | J22: 0.65658814 | K22: 0.78495264 | L22: 3.4473598 | M22: 10.493453 | N22: 17.756063 | O22: =MAX(C22:N22) - MIN(C22:N22) -> 19.314512
B23: 1998 | C23: 16.904593 | D23: 9.3760405 | E23: 8.5016727 | F23: 13.178936 | G23: 17.462219 | H23: 6.6775098 | I23: 1.5369612 | J23: 0.58144611 | K23: 0.5254935 | L23: 3.1476302 | M23: 6.9812932 | N23: 17.75252 | O23: =MAX(C23:N23) - MIN(C23:N23) -> 17.227026
B24: 1999 | C24: 19.403191 | D24: 10.653553 | E24: 12.433306 | F24: 10.550736 | G24: 11.038378 | H24: 5.3754282 | I24: 1.207224 | J24: 0.48838466 | K24: 0.4870109 | L24: 1.589682 | M24: 3.8563695 | N24: 5.365181 | O24: =MAX(C24:N24) - MIN(C24:N24) -> 18.91618
B25: 2000 | C25: 10.41984 | D25: 9.1706696 | E25: 8.0987911 | F25: 11.020751 | G25: 10.928909 | H25: 3.933758 | I25: 0.90668172 | J25: 0.41032231 | K25: 0.4252755 | L25: 2.7790215 | M25: 3.5612266 | N25: 12.314853 | O25: =MAX(C25:N25) - MIN(C25:N25) -> 11.90453
B26: 2001 | C26: 12.521435 | D26: 9.9079189 | E26: 13.780455 | F26: 13.580006 | G26: 16.230497 | H26: 4.7081518 | I26: 1.1666421 | J26: 0.51961827 | K26: 0.59523553 | L26: 2.5890536 | M26: 3.9991102 | N26: 11.012544 | O26: =MAX(C26:N26) - MIN(C26:N26) -> 15.710879
B27: 2002 | C27: 12.004761 | D27: 12.065674 | E27: 11.633415 | F27: 12.795236 | G27: 14.458782 | H27: 4.1161914 | I27: 1.0267947 | J27: 0.47445694 | K27: 0.80536896 | L27: 4.2686615 | M27: 5.6060805 | N27: 14.037235 | O27: =MAX(C27:N27) - MIN(C27:N27) -> 13.984325
B28: 2003 | C28: 14.361582 | D28: 12.844657 | E28: 11.399529 | F28: 10.590135 | G28: 11.383891 | H28: 4.5030646 | I28: 1.0359792 | J28: 0.44395769 | K28: 0.79137206 | L28: 5.9615393 | M28: 14.821142 | N28: 19.667751 | O28: =MAX(C28:N28) - MIN(C28:N28) -> 19.223794
B29: 2004 | C29: 15.121555 | D29: 13.573873 | E29: 15.863386 | F29: 14.364607 | G29: 9.6323051 | H29: 3.371388 | I29: 0.87557751 | J29: 0.4218221 | K29: 0.55556667 | L29: 2.1859288 | M29: 7.0796847 | N29: 16.951593 | O29: =MAX(C29:N29) - MIN(C29:N29) -> 16.529771
B30: 2005 | C30: 14.138063 | D30: 13.655259 | E30: 10.16833 | F30: 13.152759 | G30: 10.912752 | H30: 4.8456836 | I30: 1.0596788 | J30: 0.45671916 | K30: 0.31015095 | L30: 2.2616324 | M30: 5.658371 | N30: 10.394871 | O30: =MAX(C30:N30) - MIN(C30:N30) -> 13.827912
... B35: 2010 | C35: 14.898817 | D35: 12.743915 | E35: 12.223959 | F35: 14.221006 | G35: 14.071795 | H35: 4.0915499 | I35: 1.0294732 | J35: 0.48090243 | K35: 0.95061606 | L35: 2.9164324 | M35: 6.2513862 | N35: 16.447449 | O35: =MAX(C35:N35) - MIN(C35:N35) -> 15.966546
R46: =UPPER(REPORTS!$AA$1) -> NAT_F

Sheet Informe nº2a
B2: REPORT Nº 2a | D2: =UPPER(REPORTS!$AB$1) -> NATURAL FLOW
D3: CHARACTERIZATION OF THE INTRA-ANNUAL VARIABILITY (MEDIANS)
B5: NATURAL FLOW CODE (Abbreviation): | E5: =REPORTS!E7 -> Natural Flow (Nat_F)
B6: ALTERED FLOW CODE (Abbreviation): | E6: =REPORTS!E8 -> Altered Flow (Alt_F) | U6: =CONCATENATE("MEDIANS CONTRIBUTIONS IN ",UPPER(REPORTS!$AB$1)," (hm³)") -> MEDIANS CONTRIBUTIONS IN NATURAL FLOW (hm³)
B7: DATE: | E7: 18/05/2026
B12: RESULTS
B14: MONTHLY | C14: MEDIANS CONTRIBUTIONS (hm3) | F14: DAILY MEDIAN FLOW RATE (m3/s) | J14: WEIGHTED YEAR | L14: Atypical distribution (*)
C15: WET | D15: AVERAGE | E15: DRY | F15: WET | G15: AVERAGE | H15: DRY | J15: MEDIANS CONTRIBUTIONS (hm3) | K15: DAILY MEDIAN FLOW RATE (m3/s)
B17: ='Informe nº 2'!C14 -> Jan | C17: 18.099506 | D17: 14.372986 | E17: 11.507702 | F17: =IF($B17="OCT",C17*0.373, IF($B17="NOV",C17*0.386,IF($B17="DIC",C17*0.373,IF($B17="ENE",C17*0.373,IF($B17="FEB",C17*0.413,IF($B17="MAR",C17*0.373,IF($B17="ABR",C17*0.386,IF($B17="MAY",C17*0.373,IF($B17="JUN",C17*0.386,IF($B17="JUL",C17*0.373,IF($B17="AGO",C17*0.373,IF($B17="SEP",C17*0.386,"")))))))))))) | G17: =IF($D17="#","#",IF($B17="OCT",D17*0.373, IF($B17="NOV",D17*0.386,IF($B17="DIC",D17*0.373,IF($B17="ENE",D17*0.373,IF($B17="FEB",D17*0.413,IF($B17="MAR",D17*0.373,IF($B17="ABR",D17*0.386,IF($B17="MAY",D17*0.373,IF($B17="JUN",D17*0.386,IF($B17="JUL",D17*0.373,IF($B17="AGO",D17*0.373,IF($B17="SEP",D17*0.386,""))))))))))))) | H17: =IF($B17="OCT",E17*0.373, IF($B17="NOV",E17*0.386,IF($B17="DIC",E17*0.373,IF($B17="ENE",E17*0.373,IF($B17="FEB",E17*0.413,IF($B17="MAR",E17*0.373,IF($B17="ABR",E17*0.386,IF($B17="MAY",E17*0.373,IF($B17="JUN",E17*0.386,IF($B17="JUL",E17*0.373,IF($B17="AGO",E17*0.373,IF($B17="SEP",E17*0.386,"")))))))))))) | K17: =IF($B17="OCT",J17*0.373, IF($B17="NOV",J17*0.386,IF($B17="DIC",J17*0.373,IF($B17="ENE",J17*0.373,IF($B17="FEB",J17*0.413,IF($B17="MAR",J17*0.373,IF($B17="ABR",J17*0.386,IF($B17="MAY",J17*0.373,IF($B17="JUN",J17*0.386,IF($B17="JUL",J17*0.373,IF($B17="AGO",J17*0.373,IF($B17="SEP",J17*0.386,""))))))))))))
B18: ='Informe nº 2'!D14 -> Feb | C18: 13.573873 | D18: 12.314159 | E18: 9.3760405 | F18: =IF($B18="OCT",C18*0.373, IF($B18="NOV",C18*0.386,IF($B18="DIC",C18*0.373,IF($B18="ENE",C18*0.373,IF($B18="FEB",C18*0.413,IF($B18="MAR",C18*0.373,IF($B18="ABR",C18*0.386,IF($B18="MAY",C18*0.373,IF($B18="JUN",C18*0.386,IF($B18="JUL",C18*0.373,IF($B18="AGO",C18*0.373,IF($B18="SEP",C18*0.386,"")))))))))))) -> 5.6060094 | G18: =IF($D18="#","#",IF($B18="OCT",D18*0.373, IF($B18="NOV",D18*0.386,IF($B18="DIC",D18*0.373,IF($B18="ENE",D18*0.373,IF($B18="FEB",D18*0.413,IF($B18="MAR",D18*0.373,IF($B18="ABR",D18*0.386,IF($B18="MAY",D18*0.373,IF($B18="JUN",D18*0.386,IF($B18="JUL",D18*0.373,IF($B18="AGO",D18*0.373,IF($B18="SEP",D18*0.386,""))))))))))))) -> 5.0857478 | H18: =IF($B18="OCT",E18*0.373, IF($B18="NOV",E18*0.386,IF($B18="DIC",E18*0.373,IF($B18="ENE",E18*0.373,IF($B18="FEB",E18*0.413,IF($B18="MAR",E18*0.373,IF($B18="ABR",E18*0.386,IF($B18="MAY",E18*0.373,IF($B18="JUN",E18*0.386,IF($B18="JUL",E18*0.373,IF($B18="AGO",E18*0.373,IF($B18="SEP",E18*0.386,"")))))))))))) -> 3.8723047 | K18: =IF($B18="OCT",J18*0.373, IF($B18="NOV",J18*0.386,IF($B18="DIC",J18*0.373,IF($B18="ENE",J18*0.373,IF($B18="FEB",J18*0.413,IF($B18="MAR",J18*0.373,IF($B18="ABR",J18*0.386,IF($B18="MAY",J18*0.373,IF($B18="JUN",J18*0.386,IF($B18="JUL",J18*0.373,IF($B18="AGO",J18*0.373,IF($B18="SEP",J18*0.386,"")))))))))))) -> 0
B19: ='Informe nº 2'!E14 -> Mar | C19: 15.863386 | D19: 11.537078 | E19: 9.1410341 | F19: =IF($B19="OCT",C19*0.373, IF($B19="NOV",C19*0.386,IF($B19="DIC",C19*0.373,IF($B19="ENE",C19*0.373,IF($B19="FEB",C19*0.413,IF($B19="MAR",C19*0.373,IF($B19="ABR",C19*0.386,IF($B19="MAY",C19*0.373,IF($B19="JUN",C19*0.386,IF($B19="JUL",C19*0.373,IF($B19="AGO",C19*0.373,IF($B19="SEP",C19*0.386,"")))))))))))) -> 5.917043 | G19: =IF($D19="#","#",IF($B19="OCT",D19*0.373, IF($B19="NOV",D19*0.386,IF($B19="DIC",D19*0.373,IF($B19="ENE",D19*0.373,IF($B19="FEB",D19*0.413,IF($B19="MAR",D19*0.373,IF($B19="ABR",D19*0.386,IF($B19="MAY",D19*0.373,IF($B19="JUN",D19*0.386,IF($B19="JUL",D19*0.373,IF($B19="AGO",D19*0.373,IF($B19="SEP",D19*0.386,""))))))))))))) -> 4.3033301 | H19: =IF($B19="OCT",E19*0.373, IF($B19="NOV",E19*0.386,IF($B19="DIC",E19*0.373,IF($B19="ENE",E19*0.373,IF($B19="FEB",E19*0.413,IF($B19="MAR",E19*0.373,IF($B19="ABR",E19*0.386,IF($B19="MAY",E19*0.373,IF($B19="JUN",E19*0.386,IF($B19="JUL",E19*0.373,IF($B19="AGO",E19*0.373,IF($B19="SEP",E19*0.386,"")))))))))))) -> 3.4096057 | K19: =IF($B19="OCT",J19*0.373, IF($B19="NOV",J19*0.386,IF($B19="DIC",J19*0.373,IF($B19="ENE",J19*0.373,IF($B19="FEB",J19*0.413,IF($B19="MAR",J19*0.373,IF($B19="ABR",J19*0.386,IF($B19="MAY",J19*0.373,IF($B19="JUN",J19*0.386,IF($B19="JUL",J19*0.373,IF($B19="AGO",J19*0.373,IF($B19="SEP",J19*0.386,"")))))))))))) -> 0
B20: ='Informe nº 2'!F14 -> Apr | C20: 15.218756 | D20: 13.178936 | E20: 10.590135 | F20: =IF($B20="OCT",C20*0.373, IF($B20="NOV",C20*0.386,IF($B20="DIC",C20*0.373,IF($B20="ENE",C20*0.373,IF($B20="FEB",C20*0.413,IF($B20="MAR",C20*0.373,IF($B20="ABR",C20*0.386,IF($B20="MAY",C20*0.373,IF($B20="JUN",C20*0.386,IF($B20="JUL",C20*0.373,IF($B20="AGO",C20*0.373,IF($B20="SEP",C20*0.386,"")))))))))))) | G20: =IF($D20="#","#",IF($B20="OCT",D20*0.373, IF($B20="NOV",D20*0.386,IF($B20="DIC",D20*0.373,IF($B20="ENE",D20*0.373,IF($B20="FEB",D20*0.413,IF($B20="MAR",D20*0.373,IF($B20="ABR",D20*0.386,IF($B20="MAY",D20*0.373,IF($B20="JUN",D20*0.386,IF($B20="JUL",D20*0.373,IF($B20="AGO",D20*0.373,IF($B20="SEP",D20*0.386,""))))))))))))) | H20: =IF($B20="OCT",E20*0.373, IF($B20="NOV",E20*0.386,IF($B20="DIC",E20*0.373,IF($B20="ENE",E20*0.373,IF($B20="FEB",E20*0.413,IF($B20="MAR",E20*0.373,IF($B20="ABR",E20*0.386,IF($B20="MAY",E20*0.373,IF($B20="JUN",E20*0.386,IF($B20="JUL",E20*0.373,IF($B20="AGO",E20*0.373,IF($B20="SEP",E20*0.386,"")))))))))))) | K20: =IF($B20="OCT",J20*0.373, IF($B20="NOV",J20*0.386,IF($B20="DIC",J20*0.373,IF($B20="ENE",J20*0.373,IF($B20="FEB",J20*0.413,IF($B20="MAR",J20*0.373,IF($B20="ABR",J20*0.386,IF($B20="MAY",J20*0.373,IF($B20="JUN",J20*0.386,IF($B20="JUL",J20*0.373,IF($B20="AGO",J20*0.373,IF($B20="SEP",J20*0.386,""))))))))))))
B21: ='Informe nº 2'!G14 -> May | C21: 17.462219 | D21: 13.492225 | E21: 10.68984 | F21: =IF($B21="OCT",C21*0.373, IF($B21="NOV",C21*0.386,IF($B21="DIC",C21*0.373,IF($B21="ENE",C21*0.373,IF($B21="FEB",C21*0.413,IF($B21="MAR",C21*0.373,IF($B21="ABR",C21*0.386,IF($B21="MAY",C21*0.373,IF($B21="JUN",C21*0.386,IF($B21="JUL",C21*0.373,IF($B21="AGO",C21*0.373,IF($B21="SEP",C21*0.386,"")))))))))))) -> 6.5134078 | G21: =IF($D21="#","#",IF($B21="OCT",D21*0.373, IF($B21="NOV",D21*0.386,IF($B21="DIC",D21*0.373,IF($B21="ENE",D21*0.373,IF($B21="FEB",D21*0.413,IF($B21="MAR",D21*0.373,IF($B21="ABR",D21*0.386,IF($B21="MAY",D21*0.373,IF($B21="JUN",D21*0.386,IF($B21="JUL",D21*0.373,IF($B21="AGO",D21*0.373,IF($B21="SEP",D21*0.386,""))))))))))))) -> 5.0325998 | H21: =IF($B21="OCT",E21*0.373, IF($B21="NOV",E21*0.386,IF($B21="DIC",E21*0.373,IF($B21="ENE",E21*0.373,IF($B21="FEB",E21*0.413,IF($B21="MAR",E21*0.373,IF($B21="ABR",E21*0.386,IF($B21="MAY",E21*0.373,IF($B21="JUN",E21*0.386,IF($B21="JUL",E21*0.373,IF($B21="AGO",E21*0.373,IF($B21="SEP",E21*0.386,"")))))))))))) -> 3.9873104 | K21: =IF($B21="OCT",J21*0.373, IF($B21="NOV",J21*0.386,IF($B21="DIC",J21*0.373,IF($B21="ENE",J21*0.373,IF($B21="FEB",J21*0.413,IF($B21="MAR",J21*0.373,IF($B21="ABR",J21*0.386,IF($B21="MAY",J21*0.373,IF($B21="JUN",J21*0.386,IF($B21="JUL",J21*0.373,IF($B21="AGO",J21*0.373,IF($B21="SEP",J21*0.386,"")))))))))))) -> 0
B22: ='Informe nº 2'!H14 -> Jun | C22: 6.6775098 | D22: 4.8620734 | E22: 3.933758 | F22: =IF($B22="OCT",C22*0.373, IF($B22="NOV",C22*0.386,IF($B22="DIC",C22*0.373,IF($B22="ENE",C22*0.373,IF($B22="FEB",C22*0.413,IF($B22="MAR",C22*0.373,IF($B22="ABR",C22*0.386,IF($B22="MAY",C22*0.373,IF($B22="JUN",C22*0.386,IF($B22="JUL",C22*0.373,IF($B22="AGO",C22*0.373,IF($B22="SEP",C22*0.386,"")))))))))))) -> 2.5775188 | G22: =IF($D22="#","#",IF($B22="OCT",D22*0.373, IF($B22="NOV",D22*0.386,IF($B22="DIC",D22*0.373,IF($B22="ENE",D22*0.373,IF($B22="FEB",D22*0.413,IF($B22="MAR",D22*0.373,IF($B22="ABR",D22*0.386,IF($B22="MAY",D22*0.373,IF($B22="JUN",D22*0.386,IF($B22="JUL",D22*0.373,IF($B22="AGO",D22*0.373,IF($B22="SEP",D22*0.386,""))))))))))))) -> 1.8767603 | H22: =IF($B22="OCT",E22*0.373, IF($B22="NOV",E22*0.386,IF($B22="DIC",E22*0.373,IF($B22="ENE",E22*0.373,IF($B22="FEB",E22*0.413,IF($B22="MAR",E22*0.373,IF($B22="ABR",E22*0.386,IF($B22="MAY",E22*0.373,IF($B22="JUN",E22*0.386,IF($B22="JUL",E22*0.373,IF($B22="AGO",E22*0.373,IF($B22="SEP",E22*0.386,"")))))))))))) -> 1.5184306 | K22: =IF($B22="OCT",J22*0.373, IF($B22="NOV",J22*0.386,IF($B22="DIC",J22*0.373,IF($B22="ENE",J22*0.373,IF($B22="FEB",J22*0.413,IF($B22="MAR",J22*0.373,IF($B22="ABR",J22*0.386,IF($B22="MAY",J22*0.373,IF($B22="JUN",J22*0.386,IF($B22="JUL",J22*0.373,IF($B22="AGO",J22*0.373,IF($B22="SEP",J22*0.386,"")))))))))))) -> 0
B23: ='Informe nº 2'!I14 -> Jul | C23: 1.5369612 | D23: 1.1413268 | E23: 0.92626852 | F23: =IF($B23="OCT",C23*0.373, IF($B23="NOV",C23*0.386,IF($B23="DIC",C23*0.373,IF($B23="ENE",C23*0.373,IF($B23="FEB",C23*0.413,IF($B23="MAR",C23*0.373,IF($B23="ABR",C23*0.386,IF($B23="MAY",C23*0.373,IF($B23="JUN",C23*0.386,IF($B23="JUL",C23*0.373,IF($B23="AGO",C23*0.373,IF($B23="SEP",C23*0.386,"")))))))))))) -> 0.57328653 | G23: =IF($D23="#","#",IF($B23="OCT",D23*0.373, IF($B23="NOV",D23*0.386,IF($B23="DIC",D23*0.373,IF($B23="ENE",D23*0.373,IF($B23="FEB",D23*0.413,IF($B23="MAR",D23*0.373,IF($B23="ABR",D23*0.386,IF($B23="MAY",D23*0.373,IF($B23="JUN",D23*0.386,IF($B23="JUL",D23*0.373,IF($B23="AGO",D23*0.373,IF($B23="SEP",D23*0.386,""))))))))))))) -> 0.42571489 | H23: =IF($B23="OCT",E23*0.373, IF($B23="NOV",E23*0.386,IF($B23="DIC",E23*0.373,IF($B23="ENE",E23*0.373,IF($B23="FEB",E23*0.413,IF($B23="MAR",E23*0.373,IF($B23="ABR",E23*0.386,IF($B23="MAY",E23*0.373,IF($B23="JUN",E23*0.386,IF($B23="JUL",E23*0.373,IF($B23="AGO",E23*0.373,IF($B23="SEP",E23*0.386,"")))))))))))) -> 0.34549816 | K23: =IF($B23="OCT",J23*0.373, IF($B23="NOV",J23*0.386,IF($B23="DIC",J23*0.373,IF($B23="ENE",J23*0.373,IF($B23="FEB",J23*0.413,IF($B23="MAR",J23*0.373,IF($B23="ABR",J23*0.386,IF($B23="MAY",J23*0.373,IF($B23="JUN",J23*0.386,IF($B23="JUL",J23*0.373,IF($B23="AGO",J23*0.373,IF($B23="SEP",J23*0.386,"")))))))))))) -> 0
B24: ='Informe nº 2'!J14 -> Aug | C24: 0.61138374 | D24: 0.48838466 | E24: 0.42326501 | F24: =IF($B24="OCT",C24*0.373, IF($B24="NOV",C24*0.386,IF($B24="DIC",C24*0.373,IF($B24="ENE",C24*0.373,IF($B24="FEB",C24*0.413,IF($B24="MAR",C24*0.373,IF($B24="ABR",C24*0.386,IF($B24="MAY",C24*0.373,IF($B24="JUN",C24*0.386,IF($B24="JUL",C24*0.373,IF($B24="AGO",C24*0.373,IF($B24="SEP",C24*0.386,"")))))))))))) | G24: =IF($D24="#","#",IF($B24="OCT",D24*0.373, IF($B24="NOV",D24*0.386,IF($B24="DIC",D24*0.373,IF($B24="ENE",D24*0.373,IF($B24="FEB",D24*0.413,IF($B24="MAR",D24*0.373,IF($B24="ABR",D24*0.386,IF($B24="MAY",D24*0.373,IF($B24="JUN",D24*0.386,IF($B24="JUL",D24*0.373,IF($B24="AGO",D24*0.373,IF($B24="SEP",D24*0.386,""))))))))))))) | H24: =IF($B24="OCT",E24*0.373, IF($B24="NOV",E24*0.386,IF($B24="DIC",E24*0.373,IF($B24="ENE",E24*0.373,IF($B24="FEB",E24*0.413,IF($B24="MAR",E24*0.373,IF($B24="ABR",E24*0.386,IF($B24="MAY",E24*0.373,IF($B24="JUN",E24*0.386,IF($B24="JUL",E24*0.373,IF($B24="AGO",E24*0.373,IF($B24="SEP",E24*0.386,"")))))))))))) | K24: =IF($B24="OCT",J24*0.373, IF($B24="NOV",J24*0.386,IF($B24="DIC",J24*0.373,IF($B24="ENE",J24*0.373,IF($B24="FEB",J24*0.413,IF($B24="MAR",J24*0.373,IF($B24="ABR",J24*0.386,IF($B24="MAY",J24*0.373,IF($B24="JUN",J24*0.386,IF($B24="JUL",J24*0.373,IF($B24="AGO",J24*0.373,IF($B24="SEP",J24*0.386,""))))))))))))
B25: ='Informe nº 2'!K14 -> Sep | C25: 0.87912011 | D25: 0.55524099 | E25: 0.37693983 | F25: =IF($B25="OCT",C25*0.373, IF($B25="NOV",C25*0.386,IF($B25="DIC",C25*0.373,IF($B25="ENE",C25*0.373,IF($B25="FEB",C25*0.413,IF($B25="MAR",C25*0.373,IF($B25="ABR",C25*0.386,IF($B25="MAY",C25*0.373,IF($B25="JUN",C25*0.386,IF($B25="JUL",C25*0.373,IF($B25="AGO",C25*0.373,IF($B25="SEP",C25*0.386,"")))))))))))) -> 0.33934036 | G25: =IF($D25="#","#",IF($B25="OCT",D25*0.373, IF($B25="NOV",D25*0.386,IF($B25="DIC",D25*0.373,IF($B25="ENE",D25*0.373,IF($B25="FEB",D25*0.413,IF($B25="MAR",D25*0.373,IF($B25="ABR",D25*0.386,IF($B25="MAY",D25*0.373,IF($B25="JUN",D25*0.386,IF($B25="JUL",D25*0.373,IF($B25="AGO",D25*0.373,IF($B25="SEP",D25*0.386,""))))))))))))) -> 0.21432302 | H25: =IF($B25="OCT",E25*0.373, IF($B25="NOV",E25*0.386,IF($B25="DIC",E25*0.373,IF($B25="ENE",E25*0.373,IF($B25="FEB",E25*0.413,IF($B25="MAR",E25*0.373,IF($B25="ABR",E25*0.386,IF($B25="MAY",E25*0.373,IF($B25="JUN",E25*0.386,IF($B25="JUL",E25*0.373,IF($B25="AGO",E25*0.373,IF($B25="SEP",E25*0.386,"")))))))))))) -> 0.14549878 | K25: =IF($B25="OCT",J25*0.373, IF($B25="NOV",J25*0.386,IF($B25="DIC",J25*0.373,IF($B25="ENE",J25*0.373,IF($B25="FEB",J25*0.413,IF($B25="MAR",J25*0.373,IF($B25="ABR",J25*0.386,IF($B25="MAY",J25*0.373,IF($B25="JUN",J25*0.386,IF($B25="JUL",J25*0.373,IF($B25="AGO",J25*0.373,IF($B25="SEP",J25*0.386,"")))))))))))) -> 0
B26: ='Informe nº 2'!L14 -> Oct | C26: 4.2686615 | D26: 2.9164324 | E26: 2.1859288 | F26: =IF($B26="OCT",C26*0.373, IF($B26="NOV",C26*0.386,IF($B26="DIC",C26*0.373,IF($B26="ENE",C26*0.373,IF($B26="FEB",C26*0.413,IF($B26="MAR",C26*0.373,IF($B26="ABR",C26*0.386,IF($B26="MAY",C26*0.373,IF($B26="JUN",C26*0.386,IF($B26="JUL",C26*0.373,IF($B26="AGO",C26*0.373,IF($B26="SEP",C26*0.386,"")))))))))))) -> 1.5922107 | G26: =IF($D26="#","#",IF($B26="OCT",D26*0.373, IF($B26="NOV",D26*0.386,IF($B26="DIC",D26*0.373,IF($B26="ENE",D26*0.373,IF($B26="FEB",D26*0.413,IF($B26="MAR",D26*0.373,IF($B26="ABR",D26*0.386,IF($B26="MAY",D26*0.373,IF($B26="JUN",D26*0.386,IF($B26="JUL",D26*0.373,IF($B26="AGO",D26*0.373,IF($B26="SEP",D26*0.386,""))))))))))))) -> 1.0878293 | H26: =IF($B26="OCT",E26*0.373, IF($B26="NOV",E26*0.386,IF($B26="DIC",E26*0.373,IF($B26="ENE",E26*0.373,IF($B26="FEB",E26*0.413,IF($B26="MAR",E26*0.373,IF($B26="ABR",E26*0.386,IF($B26="MAY",E26*0.373,IF($B26="JUN",E26*0.386,IF($B26="JUL",E26*0.373,IF($B26="AGO",E26*0.373,IF($B26="SEP",E26*0.386,"")))))))))))) -> 0.81535145 | K26: =IF($B26="OCT",J26*0.373, IF($B26="NOV",J26*0.386,IF($B26="DIC",J26*0.373,IF($B26="ENE",J26*0.373,IF($B26="FEB",J26*0.413,IF($B26="MAR",J26*0.373,IF($B26="ABR",J26*0.386,IF($B26="MAY",J26*0.373,IF($B26="JUN",J26*0.386,IF($B26="JUL",J26*0.373,IF($B26="AGO",J26*0.373,IF($B26="SEP",J26*0.386,"")))))))))))) -> 0
B27: ='Informe nº 2'!M14 -> Nov | C27: 10.988697 | D27: 7.0796847 | E27: 3.9991102 | F27: =IF($B27="OCT",C27*0.373, IF($B27="NOV",C27*0.386,IF($B27="DIC",C27*0.373,IF($B27="ENE",C27*0.373,IF($B27="FEB",C27*0.413,IF($B27="MAR",C27*0.373,IF($B27="ABR",C27*0.386,IF($B27="MAY",C27*0.373,IF($B27="JUN",C27*0.386,IF($B27="JUL",C27*0.373,IF($B27="AGO",C27*0.373,IF($B27="SEP",C27*0.386,"")))))))))))) -> 4.2416371 | G27: =IF($D27="#","#",IF($B27="OCT",D27*0.373, IF($B27="NOV",D27*0.386,IF($B27="DIC",D27*0.373,IF($B27="ENE",D27*0.373,IF($B27="FEB",D27*0.413,IF($B27="MAR",D27*0.373,IF($B27="ABR",D27*0.386,IF($B27="MAY",D27*0.373,IF($B27="JUN",D27*0.386,IF($B27="JUL",D27*0.373,IF($B27="AGO",D27*0.373,IF($B27="SEP",D27*0.386,""))))))))))))) -> 2.7327583 | H27: =IF($B27="OCT",E27*0.373, IF($B27="NOV",E27*0.386,IF($B27="DIC",E27*0.373,IF($B27="ENE",E27*0.373,IF($B27="FEB",E27*0.413,IF($B27="MAR",E27*0.373,IF($B27="ABR",E27*0.386,IF($B27="MAY",E27*0.373,IF($B27="JUN",E27*0.386,IF($B27="JUL",E27*0.373,IF($B27="AGO",E27*0.373,IF($B27="SEP",E27*0.386,"")))))))))))) -> 1.5436565 | K27: =IF($B27="OCT",J27*0.373, IF($B27="NOV",J27*0.386,IF($B27="DIC",J27*0.373,IF($B27="ENE",J27*0.373,IF($B27="FEB",J27*0.413,IF($B27="MAR",J27*0.373,IF($B27="ABR",J27*0.386,IF($B27="MAY",J27*0.373,IF($B27="JUN",J27*0.386,IF($B27="JUL",J27*0.373,IF($B27="AGO",J27*0.373,IF($B27="SEP",J27*0.386,"")))))))))))) -> 0
B28: ='Informe nº 2'!N14 -> Dec | C28: 18.874857 | D28: 14.289956 | E28: 11.012544 | F28: =IF($B28="OCT",C28*0.373, IF($B28="NOV",C28*0.386,IF($B28="DIC",C28*0.373,IF($B28="ENE",C28*0.373,IF($B28="FEB",C28*0.413,IF($B28="MAR",C28*0.373,IF($B28="ABR",C28*0.386,IF($B28="MAY",C28*0.373,IF($B28="JUN",C28*0.386,IF($B28="JUL",C28*0.373,IF($B28="AGO",C28*0.373,IF($B28="SEP",C28*0.386,"")))))))))))) | G28: =IF($D28="#","#",IF($B28="OCT",D28*0.373, IF($B28="NOV",D28*0.386,IF($B28="DIC",D28*0.373,IF($B28="ENE",D28*0.373,IF($B28="FEB",D28*0.413,IF($B28="MAR",D28*0.373,IF($B28="ABR",D28*0.386,IF($B28="MAY",D28*0.373,IF($B28="JUN",D28*0.386,IF($B28="JUL",D28*0.373,IF($B28="AGO",D28*0.373,IF($B28="SEP",D28*0.386,""))))))))))))) | H28: =IF($B28="OCT",E28*0.373, IF($B28="NOV",E28*0.386,IF($B28="DIC",E28*0.373,IF($B28="ENE",E28*0.373,IF($B28="FEB",E28*0.413,IF($B28="MAR",E28*0.373,IF($B28="ABR",E28*0.386,IF($B28="MAY",E28*0.373,IF($B28="JUN",E28*0.386,IF($B28="JUL",E28*0.373,IF($B28="AGO",E28*0.373,IF($B28="SEP",E28*0.386,"")))))))))))) | K28: =IF($B28="OCT",J28*0.373, IF($B28="NOV",J28*0.386,IF($B28="DIC",J28*0.373,IF($B28="ENE",J28*0.373,IF($B28="FEB",J28*0.413,IF($B28="MAR",J28*0.373,IF($B28="ABR",J28*0.386,IF($B28="MAY",J28*0.373,IF($B28="JUN",J28*0.386,IF($B28="JUL",J28*0.373,IF($B28="AGO",J28*0.373,IF($B28="SEP",J28*0.386,""))))))))))))
B30: NOTE: For each month, for example October, the median contributions of wet, average and dry octubres are presented. Wet Octobers: Contributions are greater than or equal to the third quartile of the series of contributions in October. Dry Octobers: Contributions are less than or equal to the first quartile of the series of contributions in October. Average Octobers: Contributions fall between the first and third quartiles of the series of contributions in October. The values of the quartiles for each month can be consulted in report no.2 | J30: * Atypical Distribution of Monthly Typology: This occurs if the proportion of wet, average and dry months does not correspond to the normal patterns (25%, 50% and 25% respectively). In this case, the values A/B/C are used, where: A= no. of years in the series in which the month is wet. B= no. of years of the series in which the month is average. C= no. of years of the series in which the month is dry.
B36: # Cannot calculate

Sheet Informe nº3
B2: REPORT Nº 3 | E2: =UPPER(REPORTS!$AB$2) -> ALTERED FLOW | T2: MONTHLY CONTRIBUTIONS (hm3)
E3: CHARACTERIZATION OF THE INTRA-ANNUAL VARIABILITY (STATISTICS) | R3: STATISTICS | T3: =C14 -> Jan | U3: =D14 -> Feb | V3: =E14 -> Mar | W3: =F14 -> Apr | X3: =G14 -> May | Y3: =H14 -> Jun | Z3: =I14 -> Jul | AA3: =J14 -> Aug | ... AE3: =N14 -> Dec
R4: MINIMUM | T4: =MIN(C12:C612) -> 5.8532462 | U4: =MIN(D12:D612) -> 5.7766171 | V4: =MIN(E12:E612) -> 4.3456779 | W4: =MIN(F12:F612) -> 3.1278958 | X4: =MIN(G12:G612) -> 1.3168398 | Y4: =MIN(H12:H612) -> 0.37014538 | Z4: =MIN(I12:I612) -> 0.19043854 | AA4: =MIN(J12:J612) -> 0.13376534 | ... AE4: =MIN(N12:N612) -> 4.4008961
B5: NATURAL FLOW CODE (Abbreviation): | E5: =REPORTS!E7 -> Natural Flow (Nat_F) | R5: 75th percentile exceedance (P75) | T5: =_xlfn.PERCENTILE.EXC(C12:C612,0.25) -> 9.0476346 | U5: =_xlfn.PERCENTILE.EXC(D12:D612,0.25) -> 9.2640667 | V5: =_xlfn.PERCENTILE.EXC(E12:E612,0.25) -> 7.3309968 | W5: =_xlfn.PERCENTILE.EXC(F12:F612,0.25) -> 4.2609022 | X5: =_xlfn.PERCENTILE.EXC(G12:G612,0.25) -> 1.7469605 | Y5: =_xlfn.PERCENTILE.EXC(H12:H612,0.25) -> 0.48427197 | Z5: =_xlfn.PERCENTILE.EXC(I12:I612,0.25) -> 0.25078335 | AA5: =_xlfn.PERCENTILE.EXC(J12:J612,0.25) -> 0.16096148 | ... AE5: =_xlfn.PERCENTILE.EXC(N12:N612,0.25) -> 5.3573749
B6: ALTERED FLOW CODE (Abbreviation): | E6: =REPORTS!E8 -> Altered Flow (Alt_F) | R6: 50th percentile exceedance (P50) | T6: =_xlfn.PERCENTILE.EXC(C12:C612,0.5) -> 11.134283 | U6: =_xlfn.PERCENTILE.EXC(D12:D612,0.5) -> 10.854951 | V6: =_xlfn.PERCENTILE.EXC(E12:E612,0.5) -> 9.3216095 | W6: =_xlfn.PERCENTILE.EXC(F12:F612,0.5) -> 6.4912319 | X6: =_xlfn.PERCENTILE.EXC(G12:G612,0.5) -> 3.0271535 | Y6: =_xlfn.PERCENTILE.EXC(H12:H612,0.5) -> 0.64064729 | Z6: =_xlfn.PERCENTILE.EXC(I12:I612,0.5) -> 0.32523811 | AA6: =_xlfn.PERCENTILE.EXC(J12:J612,0.5) -> 0.19344787 | ... AE6: =_xlfn.PERCENTILE.EXC(N12:N612,0.5) -> 6.681139
B7: DATE: | E7: 18/05/2026 | R7: MEAN | T7: =AVERAGE(C12:C612) -> 11.055148 | U7: =AVERAGE(D12:D612) -> 11.588573 | V7: =AVERAGE(E12:E612) -> 9.3487192 | W7: =AVERAGE(F12:F612) -> 6.2882484 | X7: =AVERAGE(G12:G612) -> 3.1499466 | Y7: =AVERAGE(H12:H612) -> 0.70254871 | Z7: =AVERAGE(I12:I612) -> 0.31675359 | AA7: =AVERAGE(J12:J612) -> 0.19891572 | ... AE7: =AVERAGE(N12:N612) -> 6.9098148
R8: 25th percentile exceedance (P25) | T8: =_xlfn.PERCENTILE.EXC(C12:C612,0.75) -> 13.097288 | U8: =_xlfn.PERCENTILE.EXC(D12:D612,0.75) -> 14.13396 | V8: =_xlfn.PERCENTILE.EXC(E12:E612,0.75) -> 10.797235 | W8: =_xlfn.PERCENTILE.EXC(F12:F612,0.75) -> 7.8829632 | X8: =_xlfn.PERCENTILE.EXC(G12:G612,0.75) -> 3.8976856 | Y8: =_xlfn.PERCENTILE.EXC(H12:H612,0.75) -> 0.81301099 | Z8: =_xlfn.PERCENTILE.EXC(I12:I612,0.75) -> 0.36814824 | AA8: =_xlfn.PERCENTILE.EXC(J12:J612,0.75) -> 0.22766569 | ... AE8: =_xlfn.PERCENTILE.EXC(N12:N612,0.75) -> 8.1166329
R9: MAXIMUM | T9: =MAX(C12:C612) -> 19.188316 | U9: =MAX(D12:D612) -> 17.723316 | V9: =MAX(E12:E612) -> 15.186528 | W9: =MAX(F12:F612) -> 10.988006 | X9: =MAX(G12:G612) -> 8.1127882 | Y9: =MAX(H12:H612) -> 1.6174858 | Z9: =MAX(I12:I612) -> 0.56505591 | AA9: =MAX(J12:J612) -> 0.31778792 | ... AE9: =MAX(N12:N612) -> 10.494664
R10: INTERQUARTILE RANGE | T10: =T8-T5 -> 4.0496535 | U10: =U8-U5 -> 4.8698931 | V10: =V8-V5 -> 3.4662383 | W10: =W8-W5 -> 3.622061 | X10: =X8-X5 -> 2.1507252 | Y10: =Y8-Y5 -> 0.32873902 | Z10: =Z8-Z5 -> 0.11736488 | AA10: =AA8-AA5 -> 0.066704214 | ... AE10: =AE8-AE5 -> 2.759258
R11: Coefficient of variation | T11: =_xlfn.STDEV.S(C12:C612) -> 3.3690733 | U11: =_xlfn.STDEV.S(D12:D612) -> 3.3024536 | V11: =_xlfn.STDEV.S(E12:E612) -> 2.5945899 | W11: =_xlfn.STDEV.S(F12:F612) -> 2.1523625 | X11: =_xlfn.STDEV.S(G12:G612) -> 1.6932627 | Y11: =_xlfn.STDEV.S(H12:H612) -> 0.30074457 | Z11: =_xlfn.STDEV.S(I12:I612) -> 0.086853967 | AA11: =_xlfn.STDEV.S(J12:J612) -> 0.043416461 | ... AE11: =_xlfn.STDEV.S(N12:N612) -> 1.8551474
R12: Coefficient of skewness | T12: =SKEW(C12:C612) -> 0.50662861 | U12: =SKEW(D12:D612) -> 0.28169622 | V12: =SKEW(E12:E612) -> 0.18561889 | W12: =SKEW(F12:F612) -> 0.2312096 | X12: =SKEW(G12:G612) -> 1.4554946 | Y12: =SKEW(H12:H612) -> 1.6663518 | Z12: =SKEW(I12:I612) -> 0.95645548 | AA12: =SKEW(J12:J612) -> 0.75947702 | ... AE12: =SKEW(N12:N612) -> 0.45293687
B13: YEAR | C13: MONTHLY CONTRIBUTION (hm3) | O13: Extreme variability
C14: Jan | D14: Feb | E14: Mar | F14: Apr | G14: May | H14: Jun | I14: Jul | J14: Aug | K14: Sep | L14: Oct | M14: Nov | N14: Dec
B15: 2080 | C15: 5.8532462 | D15: 11.145254 | E15: 15.186528 | F15: 10.988006 | G15: 5.9963336 | H15: 1.263384 | I15: 0.42952034 | J15: 0.24439271 | K15: 0.19109344 | L15: 0.46813071 | M15: 5.0125051 | N15: 6.2942405 | O15: =MAX(C15:N15) - MIN(C15:N15) -> 14.995435 | T15: RELATIVE FREQUENCIES
B16: 2081 | C16: 9.8762121 | D16: 9.1097565 | E16: 6.0758214 | F16: 4.3477688 | G16: 2.2519643 | H16: 0.49244541 | I16: 0.22985509 | J16: 0.15357429 | K16: 0.15724972 | L16: 2.1457951 | M16: 4.8785758 | N16: 9.3898659 | O16: =MAX(C16:N16) - MIN(C16:N16) -> 9.7226378 | T16: =C14 -> Jan | U16: =D14 -> Feb | V16: =E14 -> Mar | W16: =F14 -> Apr | X16: =G14 -> May | Y16: =H14 -> Jun | Z16: =I14 -> Jul | AA16: =J14 -> Aug | ... AE16: =N14 -> Dec
B17: 2082 | C17: 9.4327192 | D17: 10.738139 | E17: 9.5357084 | F17: 8.0631943 | G17: 3.898766 | H17: 0.84741116 | I17: 0.3674376 | J17: 0.22871201 | K17: 0.18377884 | L17: 0.58639938 | M17: 2.7863052 | N17: 7.1623869 | O17: =MAX(C17:N17) - MIN(C17:N17) -> 10.55436 | R17: Maximum monthly contribution | T17: 0.47619048 | U17: 0.38095239 | V17: 0.14285715 | W17: 0 | X17: 0 | Y17: 0 | Z17: 0 | AA17: 0 | AB17: 0 | AC17: 0 | AD17: 0 | AE17: 0
B18: 2083 | C18: 11.134283 | D18: 15.322004 | E18: 9.2855787 | F18: 7.9134622 | G18: 8.1127882 | H18: 1.6174858 | I18: 0.56505591 | J18: 0.31778792 | K18: 0.39530849 | L18: 1.4682791 | M18: 4.8367586 | N18: 9.1820736 | O18: =MAX(C18:N18) - MIN(C18:N18) -> 15.004216 | R18: Minimum monthly contribution | T18: 0 | U18: 0 | V18: 0 | W18: 0 | X18: 0 | Y18: 0 | Z18: 0 | AA18: 0.2857143 | AB18: 0.71428573 | AC18: 0 | AD18: 0 | AE18: 0
B19: 2084 | C19: 16.027027 | D19: 14.678148 | E19: 12.107924 | F19: 6.2122464 | G19: 2.7656295 | H19: 0.683882 | I19: 0.34505135 | J19: 0.2329111 | K19: 0.21562849 | L19: 2.0616016 | M19: 4.9747219 | N19: 10.494664 | O19: =MAX(C19:N19) - MIN(C19:N19) -> 15.811399
B20: 2085 | C20: 13.651628 | D20: 13.450234 | E20: 5.9740415 | F20: 4.6446738 | G20: 3.0271535 | H20: 0.60496414 | I20: 0.29103151 | J20: 0.19005321 | K20: 0.14693703 | L20: 0.77913356 | M20: 2.1514289 | N20: 5.6621642 | O20: =MAX(C20:N20) - MIN(C20:N20) -> 13.504691
B21: 2086 | C21: 8.8171196 | D21: 12.618202 | E21: 12.376887 | F21: 7.1308517 | G21: 1.7184877 | H21: 0.53262144 | I21: 0.28113699 | J21: 0.18266863 | K21: 0.15537831 | L21: 1.249566 | M21: 3.7372754 | N21: 10.240266 | O21: =MAX(C21:N21) - MIN(C21:N21) -> 12.462824 | T21: =T3 -> Jan | U21: =U3 -> Feb | V21: =V3 -> Mar | W21: =W3 -> Apr | X21: =X3 -> May | Y21: =Y3 -> Jun | Z21: =Z3 -> Jul | AA21: =AA3 -> Aug | ... AE21: =AE3 -> Dec | AG21: =CONCATENATE("MONTHLY CONTRIBUTIONS IN ",UPPER(REPORTS!$AB$2)," (hm³)") -> MONTHLY CONTRIBUTIONS IN ALTERED FLOW (hm³)
B22: 2087 | C22: 19.188316 | D22: 17.560453 | E22: 10.894953 | F22: 6.0397911 | G22: 2.3536911 | H22: 0.61531484 | I22: 0.33407599 | J22: 0.2238391 | K22: 0.25941429 | L22: 0.76281089 | M22: 3.3895669 | N22: 4.780745 | O22: =MAX(C22:N22) - MIN(C22:N22) -> 18.964477 | S22: Q1 (P25%) | T22: =T5 -> 9.0476346 | U22: =U5 -> 9.2640667 | V22: =V5 -> 7.3309968 | W22: =W5 -> 4.2609022 | X22: =X5 -> 1.7469605 | Y22: =Y5 -> 0.48427197 | Z22: =Z5 -> 0.25078335 | AA22: =AA5 -> 0.16096148 | ... AE22: =AE5 -> 5.3573749
B23: 2088 | C23: 11.140934 | D23: 11.612074 | E23: 6.8573079 | F23: 6.9682469 | G23: 4.0537238 | H23: 0.76716286 | I23: 0.34026739 | J23: 0.20315662 | K23: 0.20368195 | L23: 1.3441612 | M23: 2.938628 | N23: 7.1851106 | O23: =MAX(C23:N23) - MIN(C23:N23) -> 11.408917 | S23: MEDIAN | T23: =T6 -> 11.134283 | U23: =U6 -> 10.854951 | V23: =V6 -> 9.3216095 | W23: =W6 -> 6.4912319 | X23: =X6 -> 3.0271535 | Y23: =Y6 -> 0.64064729 | Z23: =Z6 -> 0.32523811 | AA23: =AA6 -> 0.19344787 | ... AE23: =AE6 -> 6.681139
B24: 2089 | C24: 12.542948 | D24: 6.3230972 | E24: 4.3456779 | F24: 3.1278958 | G24: 1.7655668 | H24: 0.37948436 | I24: 0.19043854 | J24: 0.13675825 | K24: 0.12839645 | L24: 1.5568389 | M24: 3.41591 | N24: 7.3445187 | O24: =MAX(C24:N24) - MIN(C24:N24) -> 12.414551 | S24: AVERAGE | T24: =T7 -> 11.055148 | U24: =U7 -> 11.588573 | V24: =V7 -> 9.3487192 | W24: =W7 -> 6.2882484 | X24: =X7 -> 3.1499466 | Y24: =Y7 -> 0.70254871 | Z24: =Z7 -> 0.31675359 | AA24: =AA7 -> 0.19891572 | ... AE24: =AE7 -> 6.9098148
B25: 2090 | C25: 14.503798 | D25: 13.589771 | E25: 12.822018 | F25: 8.3007078 | G25: 3.2676997 | H25: 0.84565723 | I25: 0.37790498 | J25: 0.23978069 | K25: 0.20310996 | L25: 0.52870059 | M25: 2.9882648 | N25: 4.4292884 | O25: =MAX(C25:N25) - MIN(C25:N25) -> 14.300688 | S25: Q3 (P75%) | T25: =T8 -> 13.097288 | U25: =U8 -> 14.13396 | V25: =V8 -> 10.797235 | W25: =W8 -> 7.8829632 | X25: =X8 -> 3.8976856 | Y25: =Y8 -> 0.81301099 | Z25: =Z8 -> 0.36814824 | AA25: =AA8 -> 0.22766569 | ... AE25: =AE8 -> 8.1166329
B26: 2091 | C26: 6.6452136 | D26: 9.1847525 | E26: 10.699517 | F26: 6.0626884 | G26: 1.7283541 | H26: 0.47609854 | I26: 0.25168753 | J26: 0.1571642 | K26: 0.17000495 | L26: 2.2172644 | M26: 2.9930079 | N26: 5.9306693 | O26: =MAX(C26:N26) - MIN(C26:N26) -> 10.542353
B27: 2092 | C27: 12.206852 | D27: 9.6683311 | E27: 9.3216095 | F27: 3.5284464 | G27: 3.1540234 | H27: 0.64064729 | I27: 0.28836688 | J27: 0.17424029 | K27: 0.1591583 | L27: 0.52569908 | M27: 2.2467799 | N27: 4.4008961 | O27: =MAX(C27:N27) - MIN(C27:N27) -> 12.047694
B28: 2093 | C28: 7.4326472 | D28: 8.7422113 | E28: 10.667809 | F28: 7.0927491 | G28: 3.7936516 | H28: 0.76686043 | I28: 0.32523811 | J28: 0.19344787 | K28: 0.16095975 | L28: 1.42689 | M28: 3.9320967 | N28: 8.3531532 | O28: =MAX(C28:N28) - MIN(C28:N28) -> 10.50685
B29: 2094 | C29: 10.6361 | D29: 10.736409 | E29: 8.3719015 | F29: 7.8524642 | G29: 1.894968 | H29: 0.54412138 | I29: 0.27853549 | J29: 0.19241278 | K29: 0.16309209 | L29: 0.79708064 | M29: 3.3591025 | N29: 5.9675012 | O29: =MAX(C29:N29) - MIN(C29:N29) -> 10.573317
B30: 2095 | C30: 14.778029 | D30: 9.5618019 | E30: 6.5956807 | F30: 3.2873383 | G30: 1.6329257 | H30: 0.41446939 | I30: 0.21630929 | J30: 0.15540767 | K30: 0.14149037 | L30: 0.49989918 | M30: 3.5252237 | N30: 5.0525856 | O30: =MAX(C30:N30) - MIN(C30:N30) -> 14.636539
B31: 2096 | C31: 9.6050882 | D31: 17.723316 | E31: 8.7810049 | F31: 4.1740355 | G31: 1.3168398 | H31: 0.43738273 | I31: 0.24987918 | J31: 0.16475876 | K31: 0.13057284 | L31: 1.932995 | M31: 2.8017533 | N31: 7.7091269 | O31: =MAX(C31:N31) - MIN(C31:N31) -> 17.592743
B32: 2097 | C32: 11.882504 | D32: 10.854951 | E32: 10.185698 | F32: 9.6011992 | G32: 3.0302985 | H32: 0.72161281 | I32: 0.35046947 | J32: 0.21285678 | K32: 0.19612971 | L32: 0.74345821 | M32: 3.8452928 | N32: 7.8801126 | O32: =MAX(C32:N32) - MIN(C32:N32) -> 11.686375
B33: 2098 | C33: 11.483338 | D33: 15.621119 | E33: 9.6651363 | F33: 6.4912319 | G33: 3.8966053 | H33: 0.78036475 | I33: 0.36885887 | J33: 0.22661938 | K33: 0.18952271 | L33: 0.32118943 | M33: 4.9483094 | N33: 6.2718625 | O33: =MAX(C33:N33) - MIN(C33:N33) -> 15.431596
B34: 2099 | C34: 6.0419512 | D34: 9.3433809 | E34: 8.7676144 | F34: 6.6964326 | G34: 5.1668406 | H34: 0.95200706 | I34: 0.37520146 | J34: 0.21292245 | K34: 0.17090006 | L34: 0.84181935 | M34: 4.3772998 | N34: 6.681139 | O34: =MAX(C34:N34) - MIN(C34:N34) -> 9.1724809
B35: 2100 | C35: 9.2781496 | D35: 5.7766171 | E35: 7.8046856 | F35: 3.5297856 | G35: 1.3225681 | H35: 0.37014538 | I35: 0.19550332 | J35: 0.13376534 | K35: 0.14334278 | L35: 0.32387385 | M35: 4.0034819 | N35: 4.6937408 | O35: =MAX(C35:N35) - MIN(C35:N35) -> 9.1443843
S46: =UPPER(REPORTS!$AA$2) -> ALT_F

Sheet Informe nº3a
B2: REPORT Nº 3a | D2: =UPPER(REPORTS!$AB$2) -> ALTERED FLOW
D3: CHARACTERIZATION OF THE INTRA-ANNUAL VARIABILITY (MEDIANS) | T3: HUMEDO | V3: MEDIO | X3: SECO
T4: =UPPER(REPORTS!$AA$2) -> ALT_F | U4: =UPPER(REPORTS!$AA$1) -> NAT_F | V4: =UPPER(REPORTS!$AA$2) -> ALT_F | W4: =UPPER(REPORTS!$AA$1) -> NAT_F | X4: ALTERADO | Y4: =UPPER(REPORTS!$AA$1) -> NAT_F
B5: NATURAL FLOW CODE (Abbreviation): | E5: =REPORTS!E7 -> Natural Flow (Nat_F) | S5: =B15 -> 0 | T5: =C15 -> WET | U5: {='Informe nº2a'!$C$17:$C$28} -> 18.099506 | V5: {=D15:D26} -> AVERAGE | W5: {='Informe nº2a'!$D$17:$D$28} -> 14.372986 | X5: {=E15:E26} -> DRY | Y5: {='Informe nº2a'!$E$17:$E$28} -> 11.507702
B6: ALTERED FLOW CODE (Abbreviation): | E6: =REPORTS!E8 -> Altered Flow (Alt_F) | S6: =B16 -> 0 | T6: =C16 -> 0 | U6: {='Informe nº2a'!$C$17:$C$28} -> 18.099506 | V6: {=D16:D27} -> 0 | W6: {='Informe nº2a'!$D$17:$D$28} -> 14.372986 | X6: {=E16:E27} -> 0 | Y6: {='Informe nº2a'!$E$17:$E$28} -> 11.507702
B7: DATE: | E7: 18/05/2026 | S7: =B17 -> Jan | T7: =C17 -> 14.778029 | U7: {='Informe nº2a'!$C$17:$C$28} -> 18.099506 | V7: {=D17:D28} -> 11.134283 | W7: {='Informe nº2a'!$D$17:$D$28} -> 14.372986 | X7: {=E17:E28} -> 6.6452136 | Y7: {='Informe nº2a'!$E$17:$E$28} -> 11.507702
S8: =B18 -> Feb | T8: =C18 -> 15.621119 | U8: 13.573873 | V8: 10.854951 | W8: 12.314159 | X8: 8.7422113 | Y8: 9.3760405
S9: =B19 -> Mar | T9: =C19 -> 12.376887 | U9: 15.863386 | V9: 9.3216095 | W9: 11.537078 | X9: 6.0758214 | Y9: 9.1410341
S10: =B20 -> Apr | T10: =C20 -> 8.3007078 | U10: 15.218756 | V10: 6.4912319 | W10: 13.178936 | X10: 3.5284464 | Y10: 10.590135
S11: =B21 -> May | T11: =C21 -> 5.1668406 | U11: 17.462219 | V11: 3.0271535 | W11: 13.492225 | X11: 1.6329257 | Y11: 10.68984
B12: RESULTS | S12: =B22 -> Jun | T12: =C22 -> 0.95200706 | U12: 6.6775098 | V12: 0.64064729 | W12: 4.8620734 | X12: 0.41446939 | Y12: 3.933758
S13: =B23 -> Jul | T13: =C23 -> 0.37790498 | U13: 1.5369612 | V13: 0.32523811 | W13: 1.1413268 | X13: 0.21630929 | Y13: 0.92626852
B14: MONTHLY | C14: MEDIANS CONTRIBUTIONS (hm3) | F14: DAILY MEDIAN FLOW RATE (m3/s) | J14: WEIGHTED YEAR | L14: Atypical distribution (*) | S14: =B24 -> Aug | T14: =C24 -> 0.23978069 | U14: 0.61138374 | V14: 0.19344787 | W14: 0.48838466 | X14: 0.15357429 | Y14: 0.42326501
C15: WET | D15: AVERAGE | E15: DRY | F15: WET | G15: AVERAGE | H15: DRY | J15: MEDIANS CONTRIBUTIONS (hm3) | K15: DAILY MEDIAN FLOW RATE (m3/s) | S15: =B25 -> Sep | T15: =C25 -> 0.21562849 | U15: 0.87912011 | V15: 0.17000495 | W15: 0.55524099 | X15: 0.14149037 | Y15: 0.37693983
S16: =B26 -> Oct | T16: =C26 -> 2.0616016 | U16: 4.2686615 | V16: 0.79708064 | W16: 2.9164324 | X16: 0.46813071 | Y16: 2.1859288
B17: ='Informe nº3'!$C14 -> Jan | C17: 14.778029 | D17: 11.134283 | E17: 6.6452136 | F17: =IF($B17="OCT",C17*0.373, IF($B17="NOV",C17*0.386,IF($B17="DIC",C17*0.373,IF($B17="ENE",C17*0.373,IF($B17="FEB",C17*0.413,IF($B17="MAR",C17*0.373,IF($B17="ABR",C17*0.386,IF($B17="MAY",C17*0.373,IF($B17="JUN",C17*0.386,IF($B17="JUL",C17*0.373,IF($B17="AGO",C17*0.373,IF($B17="SEP",C17*0.386,"")))))))))))) | G17: =IF($D17="#","#",IF($B17="OCT",D17*0.373, IF($B17="NOV",D17*0.386,IF($B17="DIC",D17*0.373,IF($B17="ENE",D17*0.373,IF($B17="FEB",D17*0.413,IF($B17="MAR",D17*0.373,IF($B17="ABR",D17*0.386,IF($B17="MAY",D17*0.373,IF($B17="JUN",D17*0.386,IF($B17="JUL",D17*0.373,IF($B17="AGO",D17*0.373,IF($B17="SEP",D17*0.386,""))))))))))))) | H17: =IF($B17="OCT",E17*0.373, IF($B17="NOV",E17*0.386,IF($B17="DIC",E17*0.373,IF($B17="ENE",E17*0.373,IF($B17="FEB",E17*0.413,IF($B17="MAR",E17*0.373,IF($B17="ABR",E17*0.386,IF($B17="MAY",E17*0.373,IF($B17="JUN",E17*0.386,IF($B17="JUL",E17*0.373,IF($B17="AGO",E17*0.373,IF($B17="SEP",E17*0.386,"")))))))))))) | K17: =IF($B17="OCT",J17*0.373, IF($B17="NOV",J17*0.386,IF($B17="DIC",J17*0.373,IF($B17="ENE",J17*0.373,IF($B17="FEB",J17*0.413,IF($B17="MAR",J17*0.373,IF($B17="ABR",J17*0.386,IF($B17="MAY",J17*0.373,IF($B17="JUN",J17*0.386,IF($B17="JUL",J17*0.373,IF($B17="AGO",J17*0.373,IF($B17="SEP",J17*0.386,"")))))))))))) | S17: =B27 -> Nov | T17: =C27 -> 4.9483094 | U17: 10.988697 | V17: 3.5252237 | W17: 7.0796847 | X17: 2.7863052 | Y17: 3.9991102
B18: ='Informe nº3'!$D14 -> Feb | C18: 15.621119 | D18: 10.854951 | E18: 8.7422113 | F18: =IF($B18="OCT",C18*0.373, IF($B18="NOV",C18*0.386,IF($B18="DIC",C18*0.373,IF($B18="ENE",C18*0.373,IF($B18="FEB",C18*0.413,IF($B18="MAR",C18*0.373,IF($B18="ABR",C18*0.386,IF($B18="MAY",C18*0.373,IF($B18="JUN",C18*0.386,IF($B18="JUL",C18*0.373,IF($B18="AGO",C18*0.373,IF($B18="SEP",C18*0.386,"")))))))))))) -> 6.451522 | G18: =IF($D18="#","#",IF($B18="OCT",D18*0.373, IF($B18="NOV",D18*0.386,IF($B18="DIC",D18*0.373,IF($B18="ENE",D18*0.373,IF($B18="FEB",D18*0.413,IF($B18="MAR",D18*0.373,IF($B18="ABR",D18*0.386,IF($B18="MAY",D18*0.373,IF($B18="JUN",D18*0.386,IF($B18="JUL",D18*0.373,IF($B18="AGO",D18*0.373,IF($B18="SEP",D18*0.386,""))))))))))))) -> 4.4830947 | H18: =IF($B18="OCT",E18*0.373, IF($B18="NOV",E18*0.386,IF($B18="DIC",E18*0.373,IF($B18="ENE",E18*0.373,IF($B18="FEB",E18*0.413,IF($B18="MAR",E18*0.373,IF($B18="ABR",E18*0.386,IF($B18="MAY",E18*0.373,IF($B18="JUN",E18*0.386,IF($B18="JUL",E18*0.373,IF($B18="AGO",E18*0.373,IF($B18="SEP",E18*0.386,"")))))))))))) -> 3.6105333 | K18: =IF($B18="OCT",J18*0.373, IF($B18="NOV",J18*0.386,IF($B18="DIC",J18*0.373,IF($B18="ENE",J18*0.373,IF($B18="FEB",J18*0.413,IF($B18="MAR",J18*0.373,IF($B18="ABR",J18*0.386,IF($B18="MAY",J18*0.373,IF($B18="JUN",J18*0.386,IF($B18="JUL",J18*0.373,IF($B18="AGO",J18*0.373,IF($B18="SEP",J18*0.386,"")))))))))))) -> 0 | S18: =B28 -> Dec | T18: =C28 -> 9.3898659 | U18: 18.874857 | V18: 6.681139 | W18: 14.289956 | X18: 4.6937408 | Y18: 11.012544
B19: ='Informe nº3'!$E14 -> Mar | C19: 12.376887 | D19: 9.3216095 | E19: 6.0758214 | F19: =IF($B19="OCT",C19*0.373, IF($B19="NOV",C19*0.386,IF($B19="DIC",C19*0.373,IF($B19="ENE",C19*0.373,IF($B19="FEB",C19*0.413,IF($B19="MAR",C19*0.373,IF($B19="ABR",C19*0.386,IF($B19="MAY",C19*0.373,IF($B19="JUN",C19*0.386,IF($B19="JUL",C19*0.373,IF($B19="AGO",C19*0.373,IF($B19="SEP",C19*0.386,"")))))))))))) -> 4.616579 | G19: =IF($D19="#","#",IF($B19="OCT",D19*0.373, IF($B19="NOV",D19*0.386,IF($B19="DIC",D19*0.373,IF($B19="ENE",D19*0.373,IF($B19="FEB",D19*0.413,IF($B19="MAR",D19*0.373,IF($B19="ABR",D19*0.386,IF($B19="MAY",D19*0.373,IF($B19="JUN",D19*0.386,IF($B19="JUL",D19*0.373,IF($B19="AGO",D19*0.373,IF($B19="SEP",D19*0.386,""))))))))))))) -> 3.4769603 | H19: =IF($B19="OCT",E19*0.373, IF($B19="NOV",E19*0.386,IF($B19="DIC",E19*0.373,IF($B19="ENE",E19*0.373,IF($B19="FEB",E19*0.413,IF($B19="MAR",E19*0.373,IF($B19="ABR",E19*0.386,IF($B19="MAY",E19*0.373,IF($B19="JUN",E19*0.386,IF($B19="JUL",E19*0.373,IF($B19="AGO",E19*0.373,IF($B19="SEP",E19*0.386,"")))))))))))) -> 2.2662814 | K19: =IF($B19="OCT",J19*0.373, IF($B19="NOV",J19*0.386,IF($B19="DIC",J19*0.373,IF($B19="ENE",J19*0.373,IF($B19="FEB",J19*0.413,IF($B19="MAR",J19*0.373,IF($B19="ABR",J19*0.386,IF($B19="MAY",J19*0.373,IF($B19="JUN",J19*0.386,IF($B19="JUL",J19*0.373,IF($B19="AGO",J19*0.373,IF($B19="SEP",J19*0.386,"")))))))))))) -> 0
B20: ='Informe nº3'!$F14 -> Apr | C20: 8.3007078 | D20: 6.4912319 | E20: 3.5284464 | F20: =IF($B20="OCT",C20*0.373, IF($B20="NOV",C20*0.386,IF($B20="DIC",C20*0.373,IF($B20="ENE",C20*0.373,IF($B20="FEB",C20*0.413,IF($B20="MAR",C20*0.373,IF($B20="ABR",C20*0.386,IF($B20="MAY",C20*0.373,IF($B20="JUN",C20*0.386,IF($B20="JUL",C20*0.373,IF($B20="AGO",C20*0.373,IF($B20="SEP",C20*0.386,"")))))))))))) | G20: =IF($D20="#","#",IF($B20="OCT",D20*0.373, IF($B20="NOV",D20*0.386,IF($B20="DIC",D20*0.373,IF($B20="ENE",D20*0.373,IF($B20="FEB",D20*0.413,IF($B20="MAR",D20*0.373,IF($B20="ABR",D20*0.386,IF($B20="MAY",D20*0.373,IF($B20="JUN",D20*0.386,IF($B20="JUL",D20*0.373,IF($B20="AGO",D20*0.373,IF($B20="SEP",D20*0.386,""))))))))))))) | H20: =IF($B20="OCT",E20*0.373, IF($B20="NOV",E20*0.386,IF($B20="DIC",E20*0.373,IF($B20="ENE",E20*0.373,IF($B20="FEB",E20*0.413,IF($B20="MAR",E20*0.373,IF($B20="ABR",E20*0.386,IF($B20="MAY",E20*0.373,IF($B20="JUN",E20*0.386,IF($B20="JUL",E20*0.373,IF($B20="AGO",E20*0.373,IF($B20="SEP",E20*0.386,"")))))))))))) | K20: =IF($B20="OCT",J20*0.373, IF($B20="NOV",J20*0.386,IF($B20="DIC",J20*0.373,IF($B20="ENE",J20*0.373,IF($B20="FEB",J20*0.413,IF($B20="MAR",J20*0.373,IF($B20="ABR",J20*0.386,IF($B20="MAY",J20*0.373,IF($B20="JUN",J20*0.386,IF($B20="JUL",J20*0.373,IF($B20="AGO",J20*0.373,IF($B20="SEP",J20*0.386,""))))))))))))
B21: ='Informe nº3'!$G14 -> May | C21: 5.1668406 | D21: 3.0271535 | E21: 1.6329257 | F21: =IF($B21="OCT",C21*0.373, IF($B21="NOV",C21*0.386,IF($B21="DIC",C21*0.373,IF($B21="ENE",C21*0.373,IF($B21="FEB",C21*0.413,IF($B21="MAR",C21*0.373,IF($B21="ABR",C21*0.386,IF($B21="MAY",C21*0.373,IF($B21="JUN",C21*0.386,IF($B21="JUL",C21*0.373,IF($B21="AGO",C21*0.373,IF($B21="SEP",C21*0.386,"")))))))))))) -> 1.9272315 | G21: =IF($D21="#","#",IF($B21="OCT",D21*0.373, IF($B21="NOV",D21*0.386,IF($B21="DIC",D21*0.373,IF($B21="ENE",D21*0.373,IF($B21="FEB",D21*0.413,IF($B21="MAR",D21*0.373,IF($B21="ABR",D21*0.386,IF($B21="MAY",D21*0.373,IF($B21="JUN",D21*0.386,IF($B21="JUL",D21*0.373,IF($B21="AGO",D21*0.373,IF($B21="SEP",D21*0.386,""))))))))))))) -> 1.1291283 | H21: =IF($B21="OCT",E21*0.373, IF($B21="NOV",E21*0.386,IF($B21="DIC",E21*0.373,IF($B21="ENE",E21*0.373,IF($B21="FEB",E21*0.413,IF($B21="MAR",E21*0.373,IF($B21="ABR",E21*0.386,IF($B21="MAY",E21*0.373,IF($B21="JUN",E21*0.386,IF($B21="JUL",E21*0.373,IF($B21="AGO",E21*0.373,IF($B21="SEP",E21*0.386,"")))))))))))) -> 0.6090813 | K21: =IF($B21="OCT",J21*0.373, IF($B21="NOV",J21*0.386,IF($B21="DIC",J21*0.373,IF($B21="ENE",J21*0.373,IF($B21="FEB",J21*0.413,IF($B21="MAR",J21*0.373,IF($B21="ABR",J21*0.386,IF($B21="MAY",J21*0.373,IF($B21="JUN",J21*0.386,IF($B21="JUL",J21*0.373,IF($B21="AGO",J21*0.373,IF($B21="SEP",J21*0.386,"")))))))))))) -> 0
B22: ='Informe nº3'!$H14 -> Jun | C22: 0.95200706 | D22: 0.64064729 | E22: 0.41446939 | F22: =IF($B22="OCT",C22*0.373, IF($B22="NOV",C22*0.386,IF($B22="DIC",C22*0.373,IF($B22="ENE",C22*0.373,IF($B22="FEB",C22*0.413,IF($B22="MAR",C22*0.373,IF($B22="ABR",C22*0.386,IF($B22="MAY",C22*0.373,IF($B22="JUN",C22*0.386,IF($B22="JUL",C22*0.373,IF($B22="AGO",C22*0.373,IF($B22="SEP",C22*0.386,"")))))))))))) -> 0.36747472 | G22: =IF($D22="#","#",IF($B22="OCT",D22*0.373, IF($B22="NOV",D22*0.386,IF($B22="DIC",D22*0.373,IF($B22="ENE",D22*0.373,IF($B22="FEB",D22*0.413,IF($B22="MAR",D22*0.373,IF($B22="ABR",D22*0.386,IF($B22="MAY",D22*0.373,IF($B22="JUN",D22*0.386,IF($B22="JUL",D22*0.373,IF($B22="AGO",D22*0.373,IF($B22="SEP",D22*0.386,""))))))))))))) -> 0.24728985 | H22: =IF($B22="OCT",E22*0.373, IF($B22="NOV",E22*0.386,IF($B22="DIC",E22*0.373,IF($B22="ENE",E22*0.373,IF($B22="FEB",E22*0.413,IF($B22="MAR",E22*0.373,IF($B22="ABR",E22*0.386,IF($B22="MAY",E22*0.373,IF($B22="JUN",E22*0.386,IF($B22="JUL",E22*0.373,IF($B22="AGO",E22*0.373,IF($B22="SEP",E22*0.386,"")))))))))))) -> 0.15998518 | K22: =IF($B22="OCT",J22*0.373, IF($B22="NOV",J22*0.386,IF($B22="DIC",J22*0.373,IF($B22="ENE",J22*0.373,IF($B22="FEB",J22*0.413,IF($B22="MAR",J22*0.373,IF($B22="ABR",J22*0.386,IF($B22="MAY",J22*0.373,IF($B22="JUN",J22*0.386,IF($B22="JUL",J22*0.373,IF($B22="AGO",J22*0.373,IF($B22="SEP",J22*0.386,"")))))))))))) -> 0
B23: ='Informe nº3'!$I14 -> Jul | C23: 0.37790498 | D23: 0.32523811 | E23: 0.21630929 | F23: =IF($B23="OCT",C23*0.373, IF($B23="NOV",C23*0.386,IF($B23="DIC",C23*0.373,IF($B23="ENE",C23*0.373,IF($B23="FEB",C23*0.413,IF($B23="MAR",C23*0.373,IF($B23="ABR",C23*0.386,IF($B23="MAY",C23*0.373,IF($B23="JUN",C23*0.386,IF($B23="JUL",C23*0.373,IF($B23="AGO",C23*0.373,IF($B23="SEP",C23*0.386,"")))))))))))) -> 0.14095856 | G23: =IF($D23="#","#",IF($B23="OCT",D23*0.373, IF($B23="NOV",D23*0.386,IF($B23="DIC",D23*0.373,IF($B23="ENE",D23*0.373,IF($B23="FEB",D23*0.413,IF($B23="MAR",D23*0.373,IF($B23="ABR",D23*0.386,IF($B23="MAY",D23*0.373,IF($B23="JUN",D23*0.386,IF($B23="JUL",D23*0.373,IF($B23="AGO",D23*0.373,IF($B23="SEP",D23*0.386,""))))))))))))) -> 0.12131381 | H23: =IF($B23="OCT",E23*0.373, IF($B23="NOV",E23*0.386,IF($B23="DIC",E23*0.373,IF($B23="ENE",E23*0.373,IF($B23="FEB",E23*0.413,IF($B23="MAR",E23*0.373,IF($B23="ABR",E23*0.386,IF($B23="MAY",E23*0.373,IF($B23="JUN",E23*0.386,IF($B23="JUL",E23*0.373,IF($B23="AGO",E23*0.373,IF($B23="SEP",E23*0.386,"")))))))))))) -> 0.080683367 | K23: =IF($B23="OCT",J23*0.373, IF($B23="NOV",J23*0.386,IF($B23="DIC",J23*0.373,IF($B23="ENE",J23*0.373,IF($B23="FEB",J23*0.413,IF($B23="MAR",J23*0.373,IF($B23="ABR",J23*0.386,IF($B23="MAY",J23*0.373,IF($B23="JUN",J23*0.386,IF($B23="JUL",J23*0.373,IF($B23="AGO",J23*0.373,IF($B23="SEP",J23*0.386,"")))))))))))) -> 0
B24: ='Informe nº3'!$J14 -> Aug | C24: 0.23978069 | D24: 0.19344787 | E24: 0.15357429 | F24: =IF($B24="OCT",C24*0.373, IF($B24="NOV",C24*0.386,IF($B24="DIC",C24*0.373,IF($B24="ENE",C24*0.373,IF($B24="FEB",C24*0.413,IF($B24="MAR",C24*0.373,IF($B24="ABR",C24*0.386,IF($B24="MAY",C24*0.373,IF($B24="JUN",C24*0.386,IF($B24="JUL",C24*0.373,IF($B24="AGO",C24*0.373,IF($B24="SEP",C24*0.386,"")))))))))))) | G24: =IF($D24="#","#",IF($B24="OCT",D24*0.373, IF($B24="NOV",D24*0.386,IF($B24="DIC",D24*0.373,IF($B24="ENE",D24*0.373,IF($B24="FEB",D24*0.413,IF($B24="MAR",D24*0.373,IF($B24="ABR",D24*0.386,IF($B24="MAY",D24*0.373,IF($B24="JUN",D24*0.386,IF($B24="JUL",D24*0.373,IF($B24="AGO",D24*0.373,IF($B24="SEP",D24*0.386,""))))))))))))) | H24: =IF($B24="OCT",E24*0.373, IF($B24="NOV",E24*0.386,IF($B24="DIC",E24*0.373,IF($B24="ENE",E24*0.373,IF($B24="FEB",E24*0.413,IF($B24="MAR",E24*0.373,IF($B24="ABR",E24*0.386,IF($B24="MAY",E24*0.373,IF($B24="JUN",E24*0.386,IF($B24="JUL",E24*0.373,IF($B24="AGO",E24*0.373,IF($B24="SEP",E24*0.386,"")))))))))))) | K24: =IF($B24="OCT",J24*0.373, IF($B24="NOV",J24*0.386,IF($B24="DIC",J24*0.373,IF($B24="ENE",J24*0.373,IF($B24="FEB",J24*0.413,IF($B24="MAR",J24*0.373,IF($B24="ABR",J24*0.386,IF($B24="MAY",J24*0.373,IF($B24="JUN",J24*0.386,IF($B24="JUL",J24*0.373,IF($B24="AGO",J24*0.373,IF($B24="SEP",J24*0.386,""))))))))))))
B25: ='Informe nº3'!$K14 -> Sep | C25: 0.21562849 | D25: 0.17000495 | E25: 0.14149037 | F25: =IF($B25="OCT",C25*0.373, IF($B25="NOV",C25*0.386,IF($B25="DIC",C25*0.373,IF($B25="ENE",C25*0.373,IF($B25="FEB",C25*0.413,IF($B25="MAR",C25*0.373,IF($B25="ABR",C25*0.386,IF($B25="MAY",C25*0.373,IF($B25="JUN",C25*0.386,IF($B25="JUL",C25*0.373,IF($B25="AGO",C25*0.373,IF($B25="SEP",C25*0.386,"")))))))))))) -> 0.083232597 | G25: =IF($D25="#","#",IF($B25="OCT",D25*0.373, IF($B25="NOV",D25*0.386,IF($B25="DIC",D25*0.373,IF($B25="ENE",D25*0.373,IF($B25="FEB",D25*0.413,IF($B25="MAR",D25*0.373,IF($B25="ABR",D25*0.386,IF($B25="MAY",D25*0.373,IF($B25="JUN",D25*0.386,IF($B25="JUL",D25*0.373,IF($B25="AGO",D25*0.373,IF($B25="SEP",D25*0.386,""))))))))))))) -> 0.06562191 | H25: =IF($B25="OCT",E25*0.373, IF($B25="NOV",E25*0.386,IF($B25="DIC",E25*0.373,IF($B25="ENE",E25*0.373,IF($B25="FEB",E25*0.413,IF($B25="MAR",E25*0.373,IF($B25="ABR",E25*0.386,IF($B25="MAY",E25*0.373,IF($B25="JUN",E25*0.386,IF($B25="JUL",E25*0.373,IF($B25="AGO",E25*0.373,IF($B25="SEP",E25*0.386,"")))))))))))) -> 0.054615283 | K25: =IF($B25="OCT",J25*0.373, IF($B25="NOV",J25*0.386,IF($B25="DIC",J25*0.373,IF($B25="ENE",J25*0.373,IF($B25="FEB",J25*0.413,IF($B25="MAR",J25*0.373,IF($B25="ABR",J25*0.386,IF($B25="MAY",J25*0.373,IF($B25="JUN",J25*0.386,IF($B25="JUL",J25*0.373,IF($B25="AGO",J25*0.373,IF($B25="SEP",J25*0.386,"")))))))))))) -> 0
B26: ='Informe nº3'!$L14 -> Oct | C26: 2.0616016 | D26: 0.79708064 | E26: 0.46813071 | F26: =IF($B26="OCT",C26*0.373, IF($B26="NOV",C26*0.386,IF($B26="DIC",C26*0.373,IF($B26="ENE",C26*0.373,IF($B26="FEB",C26*0.413,IF($B26="MAR",C26*0.373,IF($B26="ABR",C26*0.386,IF($B26="MAY",C26*0.373,IF($B26="JUN",C26*0.386,IF($B26="JUL",C26*0.373,IF($B26="AGO",C26*0.373,IF($B26="SEP",C26*0.386,"")))))))))))) -> 0.76897741 | G26: =IF($D26="#","#",IF($B26="OCT",D26*0.373, IF($B26="NOV",D26*0.386,IF($B26="DIC",D26*0.373,IF($B26="ENE",D26*0.373,IF($B26="FEB",D26*0.413,IF($B26="MAR",D26*0.373,IF($B26="ABR",D26*0.386,IF($B26="MAY",D26*0.373,IF($B26="JUN",D26*0.386,IF($B26="JUL",D26*0.373,IF($B26="AGO",D26*0.373,IF($B26="SEP",D26*0.386,""))))))))))))) -> 0.29731108 | H26: =IF($B26="OCT",E26*0.373, IF($B26="NOV",E26*0.386,IF($B26="DIC",E26*0.373,IF($B26="ENE",E26*0.373,IF($B26="FEB",E26*0.413,IF($B26="MAR",E26*0.373,IF($B26="ABR",E26*0.386,IF($B26="MAY",E26*0.373,IF($B26="JUN",E26*0.386,IF($B26="JUL",E26*0.373,IF($B26="AGO",E26*0.373,IF($B26="SEP",E26*0.386,"")))))))))))) -> 0.17461275 | K26: =IF($B26="OCT",J26*0.373, IF($B26="NOV",J26*0.386,IF($B26="DIC",J26*0.373,IF($B26="ENE",J26*0.373,IF($B26="FEB",J26*0.413,IF($B26="MAR",J26*0.373,IF($B26="ABR",J26*0.386,IF($B26="MAY",J26*0.373,IF($B26="JUN",J26*0.386,IF($B26="JUL",J26*0.373,IF($B26="AGO",J26*0.373,IF($B26="SEP",J26*0.386,"")))))))))))) -> 0
B27: ='Informe nº3'!$M14 -> Nov | C27: 4.9483094 | D27: 3.5252237 | E27: 2.7863052 | F27: =IF($B27="OCT",C27*0.373, IF($B27="NOV",C27*0.386,IF($B27="DIC",C27*0.373,IF($B27="ENE",C27*0.373,IF($B27="FEB",C27*0.413,IF($B27="MAR",C27*0.373,IF($B27="ABR",C27*0.386,IF($B27="MAY",C27*0.373,IF($B27="JUN",C27*0.386,IF($B27="JUL",C27*0.373,IF($B27="AGO",C27*0.373,IF($B27="SEP",C27*0.386,"")))))))))))) -> 1.9100474 | G27: =IF($D27="#","#",IF($B27="OCT",D27*0.373, IF($B27="NOV",D27*0.386,IF($B27="DIC",D27*0.373,IF($B27="ENE",D27*0.373,IF($B27="FEB",D27*0.413,IF($B27="MAR",D27*0.373,IF($B27="ABR",D27*0.386,IF($B27="MAY",D27*0.373,IF($B27="JUN",D27*0.386,IF($B27="JUL",D27*0.373,IF($B27="AGO",D27*0.373,IF($B27="SEP",D27*0.386,""))))))))))))) -> 1.3607364 | H27: =IF($B27="OCT",E27*0.373, IF($B27="NOV",E27*0.386,IF($B27="DIC",E27*0.373,IF($B27="ENE",E27*0.373,IF($B27="FEB",E27*0.413,IF($B27="MAR",E27*0.373,IF($B27="ABR",E27*0.386,IF($B27="MAY",E27*0.373,IF($B27="JUN",E27*0.386,IF($B27="JUL",E27*0.373,IF($B27="AGO",E27*0.373,IF($B27="SEP",E27*0.386,"")))))))))))) -> 1.0755138 | K27: =IF($B27="OCT",J27*0.373, IF($B27="NOV",J27*0.386,IF($B27="DIC",J27*0.373,IF($B27="ENE",J27*0.373,IF($B27="FEB",J27*0.413,IF($B27="MAR",J27*0.373,IF($B27="ABR",J27*0.386,IF($B27="MAY",J27*0.373,IF($B27="JUN",J27*0.386,IF($B27="JUL",J27*0.373,IF($B27="AGO",J27*0.373,IF($B27="SEP",J27*0.386,"")))))))))))) -> 0
B28: ='Informe nº3'!$N14 -> Dec | C28: 9.3898659 | D28: 6.681139 | E28: 4.6937408 | F28: =IF($B28="OCT",C28*0.373, IF($B28="NOV",C28*0.386,IF($B28="DIC",C28*0.373,IF($B28="ENE",C28*0.373,IF($B28="FEB",C28*0.413,IF($B28="MAR",C28*0.373,IF($B28="ABR",C28*0.386,IF($B28="MAY",C28*0.373,IF($B28="JUN",C28*0.386,IF($B28="JUL",C28*0.373,IF($B28="AGO",C28*0.373,IF($B28="SEP",C28*0.386,"")))))))))))) | G28: =IF($D28="#","#",IF($B28="OCT",D28*0.373, IF($B28="NOV",D28*0.386,IF($B28="DIC",D28*0.373,IF($B28="ENE",D28*0.373,IF($B28="FEB",D28*0.413,IF($B28="MAR",D28*0.373,IF($B28="ABR",D28*0.386,IF($B28="MAY",D28*0.373,IF($B28="JUN",D28*0.386,IF($B28="JUL",D28*0.373,IF($B28="AGO",D28*0.373,IF($B28="SEP",D28*0.386,""))))))))))))) | H28: =IF($B28="OCT",E28*0.373, IF($B28="NOV",E28*0.386,IF($B28="DIC",E28*0.373,IF($B28="ENE",E28*0.373,IF($B28="FEB",E28*0.413,IF($B28="MAR",E28*0.373,IF($B28="ABR",E28*0.386,IF($B28="MAY",E28*0.373,IF($B28="JUN",E28*0.386,IF($B28="JUL",E28*0.373,IF($B28="AGO",E28*0.373,IF($B28="SEP",E28*0.386,"")))))))))))) | K28: =IF($B28="OCT",J28*0.373, IF($B28="NOV",J28*0.386,IF($B28="DIC",J28*0.373,IF($B28="ENE",J28*0.373,IF($B28="FEB",J28*0.413,IF($B28="MAR",J28*0.373,IF($B28="ABR",J28*0.386,IF($B28="MAY",J28*0.373,IF($B28="JUN",J28*0.386,IF($B28="JUL",J28*0.373,IF($B28="AGO",J28*0.373,IF($B28="SEP",J28*0.386,""))))))))))))
B30: NOTE: For each month, for example October, the median contributions of wet, average and dry octubres are presented. Wet Octobers: Contributions are greater than or equal to the third quartile of the series of contributions in October. Dry Octobers: Contributions are less than or equal to the first quartile of the series of contributions in October. Average Octobers: Contributions fall between the first and third quartiles of the series of contributions in October. The values of the quartiles for each month can be consulted in report no.3 | J30: * Atypical Distribution of Monthly Typology: This occurs if the proportion of wet, average and dry months does not correspond to the normal patterns (25%, 50% and 25% respectively). In this case, the values A/B/C are used, where: A= no. of years in the series in which the month is wet. B= no. of years of the series in which the month is average. C= no. of years of the series in which the month is dry.
B36: # Cannot calculate
J39: =CONCATENATE("MEDIAN CONTRIBUTIONS IN ",UPPER(REPORTS!$AB$2)," (hm³)") -> MEDIAN CONTRIBUTIONS IN ALTERED FLOW (hm³)

Sheet Informe nº 3b
B2: REPORT | D2: =CONCATENATE(UPPER(REPORTS!$AB$1)," Y ",UPPER(REPORTS!$AB$2)) -> NATURAL FLOW Y ALTERED FLOW | L2: =UPPER(REPORTS!$AA$1) -> NAT_F | M2: =UPPER(REPORTS!$AA$2) -> ALT_F
B3: Nº 3b | D3: CHARACTERIZATION OF THE INTRA-ANNUAL VARIABILITY (MEDIANS) | T3: HUMEDO | V3: MEDIO | X3: SECO
T4: =UPPER(REPORTS!$AA$2) -> ALT_F | U4: =UPPER(REPORTS!$AA$1) -> NAT_F | V4: =UPPER(REPORTS!$AA$2) -> ALT_F | W4: =UPPER(REPORTS!$AA$1) -> NAT_F | X4: =UPPER(REPORTS!$AA$2) -> ALT_F | Y4: =UPPER(REPORTS!$AA$1) -> NAT_F
B5: NATURAL FLOW CODE (Abbreviation): | E5: =REPORTS!E7 -> Natural Flow (Nat_F)
B6: ALTERED FLOW CODE (Abbreviation): | E6: =REPORTS!E8 -> Altered Flow (Alt_F)
B7: DATE: | E7: 18/05/2026 | S7: =B17 -> Jan | T7: =C17 -> 18.099506 | U7: 24.428175 | V7: {=D17:D28} -> 14.372986 | W7: 16.120253 | X7: {=E17:E28} -> 11.507702 | Y7: 9.2308025
S8: =B18 -> Feb | T8: =C18 -> 13.573873 | U8: 27.131588 | V8: 12.314159 | W8: 16.483437 | X8: 9.3760405 | Y8: 11.614708
S9: =B19 -> Mar | T9: =C19 -> 15.863386 | U9: 45.890972 | V9: 11.537078 | W9: 20.721918 | X9: 9.1410341 | Y9: 7.7368178
S10: =B20 -> Apr | T10: =C20 -> 15.218756 | U10: 60.775581 | V10: 13.178936 | W10: 20.45192 | X10: 10.590135 | Y10: 8.3807564
S11: =B21 -> May | T11: =C21 -> 17.462219 | U11: 53.28828 | V11: 13.492225 | W11: 17.111782 | X11: 10.68984 | Y11: 10.669061
B12: RESULTS | S12: =B22 -> Jun | T12: =C22 -> 6.6775098 | U12: 48.993511 | V12: 4.8620734 | W12: 17.546974 | X12: 3.933758 | Y12: 12.805473
S13: =B23 -> Jul | T13: =C23 -> 1.5369612 | U13: 49.454273 | V13: 1.1413268 | W13: 24.751743 | X13: 0.92626852 | Y13: 11.667974
B14: =UPPER(REPORTS!$AA$1) -> NAT_F | C14: MEDIANS CONTRIBUTIONS (hm3) | F14: DAILY MEDIAN FLOW RATE (m3/s) | S14: =B24 -> Aug | T14: =C24 -> 0.61138374 | U14: 58.883072 | V14: 0.48838466 | W14: 22.501064 | X14: 0.42326501 | Y14: 9.8713303
C15: WET | D15: AVERAGE | E15: DRY | F15: WET | G15: AVERAGE | H15: DRY | S15: =B25 -> Sep | T15: =C25 -> 0.87912011 | U15: 37.834087 | V15: 0.55524099 | W15: 16.900187 | X15: 0.37693983 | Y15: 8.7720194
S16: =B26 -> Oct | T16: =C26 -> 4.2686615 | U16: 26.923063 | V16: 2.9164324 | W16: 14.895834 | X16: 2.1859288 | Y16: 7.9460349
B17: ='Informe nº2a'!B17 -> Jan | C17: ='Informe nº2a'!C17 -> 18.099506 | D17: ='Informe nº2a'!D17 -> 14.372986 | E17: ='Informe nº2a'!E17 -> 11.507702 | F17: ='Informe nº2a'!F17 | G17: ='Informe nº2a'!G17 | H17: ='Informe nº2a'!H17 | S17: =B27 -> Nov | T17: =C27 -> 10.988697 | U17: 23.848129 | V17: 7.0796847 | W17: 13.79402 | X17: 3.9991102 | Y17: 6.5255756
B18: ='Informe nº2a'!B18 -> Feb | C18: ='Informe nº2a'!C18 -> 13.573873 | D18: ='Informe nº2a'!D18 -> 12.314159 | E18: ='Informe nº2a'!E18 -> 9.3760405 | F18: ='Informe nº2a'!F18 -> 5.6060094 | G18: ='Informe nº2a'!G18 -> 5.0857478 | H18: ='Informe nº2a'!H18 -> 3.8723047 | S18: =B28 -> Dec | T18: =C28 -> 18.874857 | U18: 21.87739 | V18: 14.289956 | W18: 14.361192 | X18: 11.012544 | Y18: 6.1093445
B19: ='Informe nº2a'!B19 -> Mar | C19: ='Informe nº2a'!C19 -> 15.863386 | D19: ='Informe nº2a'!D19 -> 11.537078 | E19: ='Informe nº2a'!E19 -> 9.1410341 | F19: ='Informe nº2a'!F19 -> 5.917043 | G19: ='Informe nº2a'!G19 -> 4.3033301 | H19: ='Informe nº2a'!H19 -> 3.4096057
B20: ='Informe nº2a'!B20 -> Apr | C20: ='Informe nº2a'!C20 -> 15.218756 | D20: ='Informe nº2a'!D20 -> 13.178936 | E20: ='Informe nº2a'!E20 -> 10.590135 | F20: ='Informe nº2a'!F20 | G20: ='Informe nº2a'!G20 | H20: ='Informe nº2a'!H20
B21: ='Informe nº2a'!B21 -> May | C21: ='Informe nº2a'!C21 -> 17.462219 | D21: ='Informe nº2a'!D21 -> 13.492225 | E21: ='Informe nº2a'!E21 -> 10.68984 | F21: ='Informe nº2a'!F21 -> 6.5134078 | G21: ='Informe nº2a'!G21 -> 5.0325998 | H21: ='Informe nº2a'!H21 -> 3.9873104
B22: ='Informe nº2a'!B22 -> Jun | C22: ='Informe nº2a'!C22 -> 6.6775098 | D22: ='Informe nº2a'!D22 -> 4.8620734 | E22: ='Informe nº2a'!E22 -> 3.933758 | F22: ='Informe nº2a'!F22 -> 2.5775188 | G22: ='Informe nº2a'!G22 -> 1.8767603 | H22: ='Informe nº2a'!H22 -> 1.5184306
B23: ='Informe nº2a'!B23 -> Jul | C23: ='Informe nº2a'!C23 -> 1.5369612 | D23: ='Informe nº2a'!D23 -> 1.1413268 | E23: ='Informe nº2a'!E23 -> 0.92626852 | F23: ='Informe nº2a'!F23 -> 0.57328653 | G23: ='Informe nº2a'!G23 -> 0.42571489 | H23: ='Informe nº2a'!H23 -> 0.34549816
B24: ='Informe nº2a'!B24 -> Aug | C24: ='Informe nº2a'!C24 -> 0.61138374 | D24: ='Informe nº2a'!D24 -> 0.48838466 | E24: ='Informe nº2a'!E24 -> 0.42326501 | F24: ='Informe nº2a'!F24 | G24: ='Informe nº2a'!G24 | H24: ='Informe nº2a'!H24
B25: ='Informe nº2a'!B25 -> Sep | C25: ='Informe nº2a'!C25 -> 0.87912011 | D25: ='Informe nº2a'!D25 -> 0.55524099 | E25: ='Informe nº2a'!E25 -> 0.37693983 | F25: ='Informe nº2a'!F25 -> 0.33934036 | G25: ='Informe nº2a'!G25 -> 0.21432302 | H25: ='Informe nº2a'!H25 -> 0.14549878
B26: ='Informe nº2a'!B26 -> Oct | C26: ='Informe nº2a'!C26 -> 4.2686615 | D26: ='Informe nº2a'!D26 -> 2.9164324 | E26: ='Informe nº2a'!E26 -> 2.1859288 | F26: ='Informe nº2a'!F26 -> 1.5922107 | G26: ='Informe nº2a'!G26 -> 1.0878293 | H26: ='Informe nº2a'!H26 -> 0.81535145
B27: ='Informe nº2a'!B27 -> Nov | C27: ='Informe nº2a'!C27 -> 10.988697 | D27: ='Informe nº2a'!D27 -> 7.0796847 | E27: ='Informe nº2a'!E27 -> 3.9991102 | F27: ='Informe nº2a'!F27 -> 4.2416371 | G27: ='Informe nº2a'!G27 -> 2.7327583 | H27: ='Informe nº2a'!H27 -> 1.5436565
B28: ='Informe nº2a'!B28 -> Dec | C28: ='Informe nº2a'!C28 -> 18.874857 | D28: ='Informe nº2a'!D28 -> 14.289956 | E28: ='Informe nº2a'!E28 -> 11.012544 | F28: ='Informe nº2a'!F28 | G28: ='Informe nº2a'!G28 | H28: ='Informe nº2a'!H28
B32: =UPPER(REPORTS!$AA$2) -> ALT_F | C32: MEDIANS CONTRIBUTIONS (hm3) | F32: DAILY MEDIAN FLOW RATE (m3/s)
C33: WET | D33: AVERAGE | E33: DRY | F33: WET | G33: AVERAGE | H33: DRY
B35: ='Informe nº3a'!B17 -> Jan | C35: ='Informe nº3a'!C17 -> 14.778029 | D35: ='Informe nº3a'!D17 -> 11.134283 | E35: ='Informe nº3a'!E17 -> 6.6452136 | F35: ='Informe nº3a'!F17 | G35: ='Informe nº3a'!G17 | H35: ='Informe nº3a'!H17
B36: ='Informe nº3a'!B18 -> Feb | C36: ='Informe nº3a'!C18 -> 15.621119 | D36: ='Informe nº3a'!D18 -> 10.854951 | E36: ='Informe nº3a'!E18 -> 8.7422113 | F36: ='Informe nº3a'!F18 -> 6.451522 | G36: ='Informe nº3a'!G18 -> 4.4830947 | H36: ='Informe nº3a'!H18 -> 3.6105333
B37: ='Informe nº3a'!B19 -> Mar | C37: ='Informe nº3a'!C19 -> 12.376887 | D37: ='Informe nº3a'!D19 -> 9.3216095 | E37: ='Informe nº3a'!E19 -> 6.0758214 | F37: ='Informe nº3a'!F19 -> 4.616579 | G37: ='Informe nº3a'!G19 -> 3.4769603 | H37: ='Informe nº3a'!H19 -> 2.2662814
B38: ='Informe nº3a'!B20 -> Apr | C38: ='Informe nº3a'!C20 -> 8.3007078 | D38: ='Informe nº3a'!D20 -> 6.4912319 | E38: ='Informe nº3a'!E20 -> 3.5284464 | F38: ='Informe nº3a'!F20 | G38: ='Informe nº3a'!G20 | H38: ='Informe nº3a'!H20
B39: ='Informe nº3a'!B21 -> May | C39: ='Informe nº3a'!C21 -> 5.1668406 | D39: ='Informe nº3a'!D21 -> 3.0271535 | E39: ='Informe nº3a'!E21 -> 1.6329257 | F39: ='Informe nº3a'!F21 -> 1.9272315 | G39: ='Informe nº3a'!G21 -> 1.1291283 | H39: ='Informe nº3a'!H21 -> 0.6090813
B40: ='Informe nº3a'!B22 -> Jun | C40: ='Informe nº3a'!C22 -> 0.95200706 | D40: ='Informe nº3a'!D22 -> 0.64064729 | E40: ='Informe nº3a'!E22 -> 0.41446939 | F40: ='Informe nº3a'!F22 -> 0.36747472 | G40: ='Informe nº3a'!G22 -> 0.24728985 | H40: ='Informe nº3a'!H22 -> 0.15998518
B41: ='Informe nº3a'!B23 -> Jul | C41: ='Informe nº3a'!C23 -> 0.37790498 | D41: ='Informe nº3a'!D23 -> 0.32523811 | E41: ='Informe nº3a'!E23 -> 0.21630929 | F41: ='Informe nº3a'!F23 -> 0.14095856 | G41: ='Informe nº3a'!G23 -> 0.12131381 | H41: ='Informe nº3a'!H23 -> 0.080683367
B42: ='Informe nº3a'!B24 -> Aug | C42: ='Informe nº3a'!C24 -> 0.23978069 | D42: ='Informe nº3a'!D24 -> 0.19344787 | E42: ='Informe nº3a'!E24 -> 0.15357429 | F42: ='Informe nº3a'!F24 | G42: ='Informe nº3a'!G24 | H42: ='Informe nº3a'!H24
B43: ='Informe nº3a'!B25 -> Sep | C43: ='Informe nº3a'!C25 -> 0.21562849 | D43: ='Informe nº3a'!D25 -> 0.17000495 | E43: ='Informe nº3a'!E25 -> 0.14149037 | F43: ='Informe nº3a'!F25 -> 0.083232597 | G43: ='Informe nº3a'!G25 -> 0.06562191 | H43: ='Informe nº3a'!H25 -> 0.054615283
B44: ='Informe nº3a'!B26 -> Oct | C44: ='Informe nº3a'!C26 -> 2.0616016 | D44: ='Informe nº3a'!D26 -> 0.79708064 | E44: ='Informe nº3a'!E26 -> 0.46813071 | F44: ='Informe nº3a'!F26 -> 0.76897741 | G44: ='Informe nº3a'!G26 -> 0.29731108 | H44: ='Informe nº3a'!H26 -> 0.17461275
B45: ='Informe nº3a'!B27 -> Nov | C45: ='Informe nº3a'!C27 -> 4.9483094 | D45: ='Informe nº3a'!D27 -> 3.5252237 | E45: ='Informe nº3a'!E27 -> 2.7863052 | F45: ='Informe nº3a'!F27 -> 1.9100474 | G45: ='Informe nº3a'!G27 -> 1.3607364 | H45: ='Informe nº3a'!H27 -> 1.0755138
B46: ='Informe nº3a'!B28 -> Dec | C46: ='Informe nº3a'!C28 -> 9.3898659 | D46: ='Informe nº3a'!D28 -> 6.681139 | E46: ='Informe nº3a'!E28 -> 4.6937408 | F46: ='Informe nº3a'!F28 | G46: ='Informe nº3a'!G28 | H46: ='Informe nº3a'!H28
B50: =UPPER(REPORTS!$AA$2) -> ALT_F | C50: =CONCATENATE("% ",REPORTS!$AA$2,"/",REPORTS!$AA$1," in MEDIAN CONTRIBUTIONS" ) -> % Alt_F/Nat_F in MEDIAN CONTRIBUTIONS
C51: WET | D51: AVERAGE | E51: DRY
I52: =CONCATENATE("no change from ",REPORTS!$AA$1) -> no change from Nat_F
B53: ='Informe nº3a'!B17 -> Jan | C53: =IFERROR((C35/C17)*100,"*") -> 81.648798 | D53: =IFERROR((D35/D17)*100,"*") -> 77.466736 | E53: =IFERROR((E35/E17)*100,"*") -> 57.745792 | I53: 100
B54: ='Informe nº3a'!B18 -> Feb | C54: =IFERROR((C36/C18)*100,"*") -> 115.08225 | D54: =IFERROR((D36/D18)*100,"*") -> 88.150158 | E54: =IFERROR((E36/E18)*100,"*") -> 93.239906 | I54: 100
B55: ='Informe nº3a'!B19 -> Mar | C55: =IFERROR((C37/C19)*100,"*") -> 78.021724 | D55: =IFERROR((D37/D19)*100,"*") -> 80.796971 | E55: =IFERROR((E37/E19)*100,"*") -> 66.46755 | I55: 100
B56: ='Informe nº3a'!B20 -> Apr | C56: =IFERROR((C38/C20)*100,"*") -> 54.542618 | D56: =IFERROR((D38/D20)*100,"*") -> 49.254598 | E56: =IFERROR((E38/E20)*100,"*") -> 33.31824 | I56: 100
B57: ='Informe nº3a'!B21 -> May | C57: =IFERROR((C39/C21)*100,"*") -> 29.588682 | D57: =IFERROR((D39/D21)*100,"*") -> 22.436281 | E57: =IFERROR((E39/E21)*100,"*") -> 15.275492 | I57: 100
B58: ='Informe nº3a'!B22 -> Jun | C58: =IFERROR((C40/C22)*100,"*") -> 14.256917 | D58: =IFERROR((D40/D22)*100,"*") -> 13.176422 | E58: =IFERROR((E40/E22)*100,"*") -> 10.53622 | I58: 100
B59: ='Informe nº3a'!B23 -> Jul | C59: =IFERROR((C41/C23)*100,"*") -> 24.587802 | D59: =IFERROR((D41/D23)*100,"*") -> 28.496493 | E59: =IFERROR((E41/E23)*100,"*") -> 23.352763 | I59: 100
B60: ='Informe nº3a'!B24 -> Aug | C60: =IFERROR((C42/C24)*100,"*") -> 39.219345 | D60: =IFERROR((D42/D24)*100,"*") -> 39.609735 | E60: =IFERROR((E42/E24)*100,"*") -> 36.283247 | I60: 100
B61: ='Informe nº3a'!B25 -> Sep | C61: =IFERROR((C43/C25)*100,"*") -> 24.527762 | D61: =IFERROR((D43/D25)*100,"*") -> 30.618227 | E61: =IFERROR((E43/E25)*100,"*") -> 37.536593 | I61: 100
B62: ='Informe nº3a'!B26 -> Oct | C62: =IFERROR((C44/C26)*100,"*") -> 48.296208 | D62: =IFERROR((D44/D26)*100,"*") -> 27.330674 | E62: =IFERROR((E44/E26)*100,"*") -> 21.415643 | I62: 100
B63: ='Informe nº3a'!B27 -> Nov | C63: =IFERROR((C45/C27)*100,"*") -> 45.030902 | D63: =IFERROR((D45/D27)*100,"*") -> 49.793513 | E63: =IFERROR((E45/E27)*100,"*") -> 69.673128 | I63: 100
B64: ='Informe nº3a'!B28 -> Dec | C64: =IFERROR((C46/C28)*100,"*") -> 49.748011 | D64: =IFERROR((D46/D28)*100,"*") -> 46.75409 | E64: =IFERROR((E46/E28)*100,"*") -> 42.621768 | I64: 100
B66: =CONCATENATE("* Undetermined value per contribution ",REPORTS!$AA$1," = 0" ) -> * Undetermined value per contribution Nat_F = 0
D69: =CONCATENATE("% ",REPORTS!$AA$2,"/",REPORTS!$AA$1," in median monthly contributions" ) -> % Alt_F/Nat_F in median monthly contributions

Sheet Informe nº3c
B2: REPORT | D2: =CONCATENATE(UPPER(REPORTS!$AB$1)," Y ",UPPER(REPORTS!$AB$2)) -> NATURAL FLOW Y ALTERED FLOW | K2: MONTHLY CONTRIBUTIONS (hm3)
B3: Nº 3c | D3: CHARACTERIZATION OF THE INTRA-ANNUAL VARIABILITY RANGE (P10-P90) | K3: FLOW | L3: STATISTICS | M3: ='Informe nº 2'!C14 -> Jan | N3: ='Informe nº 2'!D14 -> Feb | O3: ='Informe nº 2'!E14 -> Mar | P3: ='Informe nº 2'!F14 -> Apr | Q3: ='Informe nº 2'!G14 -> May | R3: ='Informe nº 2'!H14 -> Jun | S3: ='Informe nº 2'!I14 -> Jul | T3: ='Informe nº 2'!J14 -> Aug | ... X3: ='Informe nº 2'!N14 -> Dec
K4: =UPPER(REPORTS!$AA$1) -> NAT_F | L4: P10 nat | M4: =_xlfn.PERCENTILE.EXC('Informe nº 2'!C12:C612,0.9) -> 18.408331 | N4: =_xlfn.PERCENTILE.EXC('Informe nº 2'!D12:D612,0.9) -> 13.638982 | O4: =_xlfn.PERCENTILE.EXC('Informe nº 2'!E12:E612,0.9) -> 16.254814 | P4: =_xlfn.PERCENTILE.EXC('Informe nº 2'!F12:F612,0.9) -> 16.015779 | Q4: =_xlfn.PERCENTILE.EXC('Informe nº 2'!G12:G612,0.9) -> 17.673726 | R4: =_xlfn.PERCENTILE.EXC('Informe nº 2'!H12:H612,0.9) -> 6.937954 | S4: =_xlfn.PERCENTILE.EXC('Informe nº 2'!I12:I612,0.9) -> 1.5648924 | T4: =_xlfn.PERCENTILE.EXC('Informe nº 2'!J12:J612,0.9) -> 0.62932039 | ... X4: =_xlfn.PERCENTILE.EXC('Informe nº 2'!N12:N612,0.9) -> 19.509172
B5: NATURAL FLOW CODE (Abbreviation): | E5: =REPORTS!E7 -> Natural Flow (Nat_F) | L5: P90 nat | M5: =_xlfn.PERCENTILE.EXC('Informe nº 2'!C12:C612,0.1) -> 10.637412 | N5: =_xlfn.PERCENTILE.EXC('Informe nº 2'!D12:D612,0.1) -> 9.2117437 | O5: =_xlfn.PERCENTILE.EXC('Informe nº 2'!E12:E612,0.1) -> 8.629545 | P5: =_xlfn.PERCENTILE.EXC('Informe nº 2'!F12:F612,0.1) -> 10.558616 | Q5: =_xlfn.PERCENTILE.EXC('Informe nº 2'!G12:G612,0.1) -> 9.8438122 | R5: =_xlfn.PERCENTILE.EXC('Informe nº 2'!H12:H612,0.1) -> 3.6979895 | S5: =_xlfn.PERCENTILE.EXC('Informe nº 2'!I12:I612,0.1) -> 0.91059908 | T5: =_xlfn.PERCENTILE.EXC('Informe nº 2'!J12:J612,0.1) -> 0.42211068 | ... X5: =_xlfn.PERCENTILE.EXC('Informe nº 2'!N12:N612,0.1) -> 10.518405
B6: ALTERED FLOW CODE (Abbreviation): | E6: =REPORTS!E8 -> Altered Flow (Alt_F) | K6: =UPPER(REPORTS!$AA$2) -> ALT_F | L6: P10 alt | M6: =_xlfn.PERCENTILE.EXC('Informe nº3'!C12:C612,0.9) -> 15.777228 | N6: =_xlfn.PERCENTILE.EXC('Informe nº3'!D12:D612,0.9) -> 17.172586 | O6: =_xlfn.PERCENTILE.EXC('Informe nº3'!E12:E612,0.9) -> 12.732992 | P6: =_xlfn.PERCENTILE.EXC('Informe nº3'!F12:F612,0.9) -> 9.3411009 | Q6: =_xlfn.PERCENTILE.EXC('Informe nº3'!G12:G612,0.9) -> 5.830435 | R6: =_xlfn.PERCENTILE.EXC('Informe nº3'!H12:H612,0.9) -> 1.2011086 | S6: =_xlfn.PERCENTILE.EXC('Informe nº3'!I12:I612,0.9) -> 0.41919727 | T6: =_xlfn.PERCENTILE.EXC('Informe nº3'!J12:J612,0.9) -> 0.24347031 | ... X6: =_xlfn.PERCENTILE.EXC('Informe nº3'!N12:N612,0.9) -> 10.070186
B7: DATE: | L7: P90 alt | M7: =_xlfn.PERCENTILE.EXC('Informe nº3'!C12:C612,0.1) -> 6.1626037 | N7: =_xlfn.PERCENTILE.EXC('Informe nº3'!D12:D612,0.1) -> 6.8069201 | O7: =_xlfn.PERCENTILE.EXC('Informe nº3'!E12:E612,0.1) -> 5.9943974 | P7: =_xlfn.PERCENTILE.EXC('Informe nº3'!F12:F612,0.1) -> 3.3355599 | Q7: =_xlfn.PERCENTILE.EXC('Informe nº3'!G12:G612,0.1) -> 1.3846396 | R7: =_xlfn.PERCENTILE.EXC('Informe nº3'!H12:H612,0.1) -> 0.38648136 | S7: =_xlfn.PERCENTILE.EXC('Informe nº3'!I12:I612,0.1) -> 0.19966452 | T7: =_xlfn.PERCENTILE.EXC('Informe nº3'!J12:J612,0.1) -> 0.14012146 | ... X7: =_xlfn.PERCENTILE.EXC('Informe nº3'!N12:N612,0.1) -> 4.4821789
K10: RELATIVE CHANGE (%) OF THE INTRA-ANNUAL VARIABILITY RANGE (P10-P90)
B11: RESULTS | K11: Exceedance Percentiles | L11: INDICATOR | M11: =M3 -> Jan | N11: =N3 -> Feb | O11: =O3 -> Mar | P11: =P3 -> Apr | Q11: =Q3 -> May | R11: =R3 -> Jun | S11: =S3 -> Jul | T11: =T3 -> Aug | ... X11: =X3 -> Dec
K12: P10 | M12: =((M6-M4)/M4)*100 -> -14.293001 | N12: =((N6-N4)/N4)*100 -> 25.908126 | O12: =((O6-O4)/O4)*100 -> -21.666334 | P12: =((P6-P4)/P4)*100 -> -41.675637 | Q12: =((Q6-Q4)/Q4)*100 -> -67.01072 | R12: =((R6-R4)/R4)*100 -> -82.687856 | S12: =((S6-S4)/S4)*100 -> -73.212391 | T12: =((T6-T4)/T4)*100 -> -61.312186 | ... X12: =((X6-X4)/X4)*100 -> -48.382301
K13: P90 | M13: =((M7-M5)/M5)*100 -> -42.066703 | N13: =((N7-N5)/N5)*100 -> -26.106064 | O13: =((O7-O5)/O5)*100 -> -30.536344 | P13: =((P7-P5)/P5)*100 -> -68.409118 | Q13: =((Q7-Q5)/Q5)*100 -> -85.933909 | R13: =((R7-R5)/R5)*100 -> -89.548879 | S13: =((S7-S5)/S5)*100 -> -78.073279 | T13: =((T7-T5)/T5)*100 -> -66.804569 | ... X13: =((X7-X5)/X5)*100 -> -57.387278

Sheet Informe nº4
B2: REPORT | D2: =UPPER(REPORTS!$AB$1) -> NATURAL FLOW
B3: Nº 4 | D3: PARAMETERS FOR CHARACTERIZATION WITH DAILY DATA
B5: NATURAL FLOW CODE (Abbreviation): | E5: =REPORTS!E7 -> Natural Flow (Nat_F)
B6: ALTERED FLOW CODE (Abbreviation): | E6: =REPORTS!E8 -> Altered Flow (Alt_F)
B7: DATE: | E7: 18/05/2026
B11: RESULTS
B13: COMPONENTS OF THE NATURAL REGIME | D13: ASPECT | G13: PARAMETER
G14: DESCRIPTION | O14: VALUE (hm³ or m3/s)
B15: HABITUAL DATA | C15: Monthly or annual contributions | D15: Magnitude | G15: Average annual contributions | O15: Wet year | Q15: 113.56326
O16: Normal year | Q16: 97.701027
O17: Dry year | Q17: 81.928032
O18: Weighted year | Q18: 97.722275
D19: Variability | G19: Difference between maximum and minimum monthly contribution during the year | O19: Wet year | Q19: 19.272205
O20: Normal year | Q20: 15.990584
O21: Dry year | Q21: 14.422541
O22: Weighted year | Q22: 16.398579
D23: Seasonality | G23: Month of maximum and minimum contribution | O23: Wet year | Q23: DEC-AUG
O24: Normal year | Q24: JAN-AUG
O25: Dry year | Q25: JAN-SEP
C26: Daily flow rate | D26: Variability | G26: Difference between daily average discharge rates corresponding to the 10% and 90% exceedance percentiles | O26: =CONCATENATE("Q 10%",REPORTS!$AA$1) -> Q 10%Nat_F | Q26: 6.1312146
O27: =CONCATENATE("Q 90%",REPORTS!$AA$1) -> Q 90%Nat_F | Q27: 0.19422381
B28: EXTREME DATA | C28: MAXIMUM VALUES of the daily flows (FLOODS) | D28: Magnitude and frequency | G28: Average of the maximum annual daily discharge | O28: Qc | Q28: 8.754715
G29: Effective discharge;Return period | O29: QGL; T | Q29: 6.8518205 | R29: 1
G30: Connectivity discharge; Return period | O30: QCONEC;T | Q30: 8.5760536 | R30: 2
G31: Flushing flood (5% exceedance percentiles) | O31: =CONCATENATE("Q 5%",REPORTS!$AA$1) -> Q 5%Nat_F | Q31: 6.8856187
D32: Variability | G32: Coefficient of variation of the maximun daily discharge along the year | O32: CV(Qc) | Q32: 0.13773912
G33: Coefficient of variation of the flushing flood series | O33: =CONCATENATE("CV(Q 5%",REPORTS!$AA$1,")") -> CV(Q 5%Nat_F) | Q33: 0.12792657
D34: Seasonality | G34: Average number of days in the month with q ≥ Q 5%nat | O34: See table and graph below
D35: Duration | G35: Maximum number of consecutive days in the year with q≥ Q 5%nat | Q35: 10.238095
C36: MINIMUM VALUES of the daily flows (DROUGHTS) | D36: Magnitude and frequency | G36: Average of the minimum daily discharge along the year | O36: Qs | Q36: 0.11605096
G37: Ordinary drought discharge | O37: =CONCATENATE("Q 95%",REPORTS!$AA$1) -> Q 95%Nat_F | Q37: 0.15607382
D38: Variability | G38: Coefficient of variation of the minimun daily discharge along the year | O38: CV(Qs) | Q38: 0.16636853
G39: Coefficient of variation of the ordinary droughts series | O39: =CONCATENATE("CV(Q 95%",REPORTS!$AA$1,")") -> CV(Q 95%Nat_F) | Q39: 0.14738418
D40: Seasonality | G40: Average number of days in the month with q ≤ Q 95%nat | O40: See table and graph below
D41: Duration | G41: Maximum number of consecutive days in the year with q≤ Q 95%nat | Q41: 10.666667
G42: Average no. days in the month with a daily discharge equal to zero | O42: See table and graph below
B43: ** This parameter could not be calculated
B45: SEASONALITY | E45: Jan | F45: Feb | G45: Mar | H45: Apr | I45: May | J45: Jun | K45: Jul | L45: Aug | M45: Sep | N45: Oct | O45: Nov | P45: Dec
B46: =CONCATENATE("AVERAGE Nº OF DAYS PER MONTH WITH Q≥Q5%",REPORTS!$AA$1) -> AVERAGE Nº OF DAYS PER MONTH WITH Q≥Q5%Nat_F | E46: 4.3333335 | F46: 0.42857143 | G46: 0.47619048 | H46: 1.7619047 | I46: 3.7142856 | J46: 0 | K46: 0 | L46: 0 | M46: 0 | N46: 0 | O46: 0.80952382 | P46: 7
B47: =CONCATENATE("AVERAGE Nº OF DAYS PER MONTH WITH Q≤Q95%",REPORTS!$AA$1) -> AVERAGE Nº OF DAYS PER MONTH WITH Q≤Q95%Nat_F | E47: 0 | F47: 0 | G47: 0 | H47: 0 | I47: 0 | J47: 0 | K47: 0 | L47: 7.4761906 | M47: 13.333333 | N47: 0.047619049 | O47: 0 | P47: 0
B48: AVERAGE Nº OF DAYS WITH Q ZERO | E48: 0 | F48: 0 | G48: 0 | H48: 0 | I48: 0 | J48: 0 | K48: 0 | L48: 0 | M48: 0 | N48: 0 | O48: 0 | P48: 0
C50: =CONCATENATE("Average nº of days per month with Q ≥ Q5%",REPORTS!$AA$1) -> Average nº of days per month with Q ≥ Q5%Nat_F | I50: =CONCATENATE("Average nº of days per month with Q ≤ Q95%",REPORTS!$AA$1) -> Average nº of days per month with Q ≤ Q95%Nat_F

Sheet Informe nº5
B2: REPORT | D2: =UPPER(REPORTS!$AB$2) -> ALTERED FLOW
B3: Nº 5 | D3: PARAMETERS FOR CHARACTERIZATION WITH DAILY DATA
B5: NATURAL FLOW CODE (Abbreviation): | E5: =REPORTS!E7 -> Natural Flow (Nat_F)
B6: ALTERED FLOW CODE (Abbreviation): | E6: =REPORTS!E8 -> Altered Flow (Alt_F)
B7: DATE: | E7: 18/05/2026
B11: RESULTS
B13: COMPONENTS OF THE REGIMEN | D13: ASPECT | G13: PARAMETER
G14: DESCRIPTION | O14: VALUE (hm³ o m³/s)
B15: HABITUAL DATA | C15: Monthly or annual contributions | D15: Magnitude | G15: Average annual contributions | O15: Wet year | Q15: 66.504524
O16: Normal year | Q16: 54.024784
O17: Dry year | Q17: 43.505165
O18: Weighted year | Q18: 54.491478
D19: Variability | G19: Difference between maximum and minimum monthly contribution during the year | O19: Wet year | Q19: 15.815244
O20: Normal year | Q20: 12.056072
O21: Dry year | Q21: 11.757105
O22: Weighted year | Q22: 12.87993
D23: Seasonality | G23: Month of maximum and minimum contribution | O23: Wet year | Q23: FEB-SEP
O24: Normal year | Q24: FEB-SEP
O25: Dry year | Q25: JAN-SEP
C26: Daily flow rate | D26: Variability | G26: Difference between daily average discharge rates corresponding to the 10% and 90% exceedance percentiles | O26: =CONCATENATE("Q 10% ",REPORTS!$AA$2) -> Q 10% Alt_F | Q26: 4.5684996
O27: =CONCATENATE("Q 90% ",REPORTS!$AA$2) -> Q 90% Alt_F | Q27: 0.070631668
B28: EXTREME DATA | C28: MAXIMUM VALUES of the daily flows (FLOODS) | D28: Magnitude and frequency | G28: Average of the maximum annual daily discharge | O28: Qc | Q28: 7.0158577
G29: Effective discharge;Return period | O29: QGL | Q29: 5.7568307 | R29: 1
G30: Connectivity discharge; Return period | O30: QCONEC | Q30: 7.0685353 | R30: 2
G31: Flushing flood (5% exceedance percentiles) | O31: =CONCATENATE("Q 5% ",REPORTS!$AA$2) -> Q 5% Alt_F | Q31: 5.2575474
D32: Variability | G32: Coefficient of variation of the maximun daily discharge along the year | O32: CV(Qc) | Q32: 0.2009092
G33: Coefficient of variation of the flushing flood series | O33: =CONCATENATE("CV(Q 5% ",REPORTS!$AA$2,")") -> CV(Q 5% Alt_F) | Q33: 0.18822974
D34: Seasonality | G34: Average number of days in the month with q ≥ Q 5%R_nat | O34: See table and graph below
D35: Duration | G35: Maximum number of consecutive days in the year with q≥ Q 5%R_nat | Q35: 2.9047618
C36: MINIMUM VALUES of the daily flows (DROUGHTS) | D36: Magnitude and frequency | G36: Average of the minimum daily discharge along the year | O36: Qs | Q36: 0.044583336
G37: Ordinary drought discharge | O37: =CONCATENATE("Q 95% ",REPORTS!$AA$2) -> Q 95% Alt_F | Q37: 0.059758928
D38: Variability | G38: Coefficient of variation of the minimun daily discharge along the year | O38: CV(Qs) | Q38: 0.26208487
G39: Coefficient of variation of the ordinary droughts series | O39: =CONCATENATE("CV(Q 95% ",REPORTS!$AA$2,")") -> CV(Q 95% Alt_F) | Q39: 0.22462602
D40: Seasonality | G40: Average number of days in the month with q ≤ Q 95%R_nat | O40: See table and graph below
D41: Duration | G41: Maximum number of consecutive days in the year with q≤ Q 95%R_nat | Q41: 92.809525
G42: Average no. of days in the month with a daily discharge equal to zero | O42: See table and graph below
B43: ** This parameter could not be calculated
B45: SEASONALITY | E45: Jan | F45: Feb | G45: Mar | H45: Apr | I45: May | J45: Jun | K45: Jul | L45: Aug | M45: Sep | N45: Oct | O45: Nov | P45: Dec | S45: =CONCATENATE("STATIONALITY: Difference ",REPORTS!$AA$2," - ",REPORTS!$AA$1,) -> STATIONALITY: Difference Alt_F - Nat_F | V45: Oct | W45: Nov | X45: Dec | Y45: Jan | Z45: Feb | AA45: Mar | AB45: Apr | AC45: May | AD45: Jun | AE45: Jul | AF45: Aug | AG45: Sep | AI45: ='Informe nº4'!P45 -> Dec
B46: =CONCATENATE("AVERAGE Nº OF DAYS PER MONTH WITH Q≥Q5%",UPPER(REPORTS!$AA$1)) -> AVERAGE Nº OF DAYS PER MONTH WITH Q≥Q5%NAT_F | E46: 1.3809524 | F46: 2.7619047 | G46: 0.23809524 | H46: 0 | I46: 0 | J46: 0 | K46: 0 | L46: 0 | M46: 0 | N46: 0 | O46: 0 | P46: 0.047619049 | S46: =CONCATENATE("AVERAGE Nº OF DAYS PER MONTH WITH Q≥Q5%",UPPER(REPORTS!$AA$1)) -> AVERAGE Nº OF DAYS PER MONTH WITH Q≥Q5%NAT_F | V46: =E46-'Informe nº4'!E46 -> -2.9523811 | W46: =F46-'Informe nº4'!F46 -> 2.3333333 | X46: =G46-'Informe nº4'!G46 -> -0.23809524 | Y46: =H46-'Informe nº4'!H46 -> -1.7619047 | Z46: =I46-'Informe nº4'!I46 -> -3.7142856 | AA46: =J46-'Informe nº4'!J46 -> 0 | AB46: =K46-'Informe nº4'!K46 -> 0 | AC46: =L46-'Informe nº4'!L46 -> 0 | ... AG46: =P46-'Informe nº4'!P46 -> -6.952381 | AI46: ='Informe nº4'!P46 -> 7
B47: =CONCATENATE("AVERAGE Nº OF DAYS PER MONTH WITH Q≤Q95%",UPPER(REPORTS!$AA$1)) -> AVERAGE Nº OF DAYS PER MONTH WITH Q≤Q95%NAT_F | E47: 0 | F47: 0 | G47: 0 | H47: 0 | I47: 0 | J47: 4.7619047 | K47: 26.476191 | L47: 30.952381 | M47: 29.285715 | N47: 13.095238 | O47: 0.14285715 | P47: 0 | S47: =CONCATENATE("AVERAGE Nº OF DAYS PER MONTH WITH Q≤Q95%",UPPER(REPORTS!$AA$1)) -> AVERAGE Nº OF DAYS PER MONTH WITH Q≤Q95%NAT_F | V47: =E47-'Informe nº4'!E47 -> 0 | W47: =F47-'Informe nº4'!F47 -> 0 | X47: =G47-'Informe nº4'!G47 -> 0 | Y47: =H47-'Informe nº4'!H47 -> 0 | Z47: =I47-'Informe nº4'!I47 -> 0 | AA47: =J47-'Informe nº4'!J47 -> 4.7619047 | AB47: =K47-'Informe nº4'!K47 -> 26.476191 | AC47: =L47-'Informe nº4'!L47 -> 23.476191 | ... AG47: =P47-'Informe nº4'!P47 -> 0 | AI47: ='Informe nº4'!P47 -> 0
B48: AVERAGE Nº OF DAYS WITH Q ZERO | E48: 0 | F48: 0 | G48: 0 | H48: 0 | I48: 0 | J48: 0 | K48: 0 | L48: 0 | M48: 0 | N48: 0 | O48: 0 | P48: 0 | S48: AVERAGE Nº OF DAYS WITH Q ZERO | V48: =E48-'Informe nº4'!E48 -> 0 | W48: =F48-'Informe nº4'!F48 -> 0 | X48: =G48-'Informe nº4'!G48 -> 0 | Y48: =H48-'Informe nº4'!H48 -> 0 | Z48: =I48-'Informe nº4'!I48 -> 0 | AA48: =J48-'Informe nº4'!J48 -> 0 | AB48: =K48-'Informe nº4'!K48 -> 0 | AC48: =L48-'Informe nº4'!L48 -> 0 | ... AG48: =P48-'Informe nº4'!P48 -> 0 | AI48: ='Informe nº4'!P48 -> 0
C50: =CONCATENATE("Average nº of days per month with Q ≥ Q5%",REPORTS!$AA$1) -> Average nº of days per month with Q ≥ Q5%Nat_F | H50: =CONCATENATE("Average nº of days per month with Q≤Q95%",REPORTS!$AA$1) -> Average nº of days per month with Q≤Q95%Nat_F
F85: =UPPER(REPORTS!$AA$1) -> NAT_F | G85: =UPPER(REPORTS!$AA$2) -> ALT_F

Sheet Informe nº 6
B2: REPORT | D2: =UPPER(REPORTS!$AB$1) -> NATURAL FLOW
B3: Nº 6 | D3: AVERAGE VALUES OF ANNUAL FLOW RATES DURATION CURVES
B5: NATURAL FLOW CODE (Abbreviation): | E5: =REPORTS!E7 -> Natural Flow (Nat_F)
B6: ALTERED FLOW CODE (Abbreviation): | E6: =REPORTS!E8 -> Altered Flow (Alt_F)
B7: DATE: | E7: 18/05/2026
B12: RESULTS
J13: AVERAGE VALUES OF ANNUAL CURVES
D14: STANDARD PERCENTILES | J14: OF CLASSIFIED FLOW RATES (AVERAGE CURVE)
D16: NO. OF DAYS WHEN | E16: EXCEEDANCE | F16: FLOW RATE (m3/s) | J16: Order no. | K16: EXCEEDANCE | L16: FLOW RATE (m3/s)
D17: FLOW RATE IS EXCEEDED | E17: PERCENTILES (Weibull) | F17: =UPPER(REPORTS!$AA$1) -> NAT_F | K17: PERCENTILES (Weibull) | L17: =UPPER(REPORTS!$AA$1) -> NAT_F
D18: =366*(E18/100) -> 1.83 | E18: 0.5 | F18: =_xlfn.PERCENTILE.EXC(L$18:L$382,(1-(E18/100))) -> 8.5795047 | J18: 1 | K18: =(J18/366)*100 -> 0.27322404 | L18: 8.754715
D19: =366*(E19/100) -> 3.66 | E19: 1 | F19: =_xlfn.PERCENTILE.EXC(L$18:L$382,(1-E19/100)) -> 8.2115543 | J19: 2 | K19: =(J19/366)*100 -> 0.54644809 | L19: 8.5436182
D20: =366*(E20/100) -> 18.3 | E20: 5 | F20: =_xlfn.PERCENTILE.EXC(L$18:L$382,(1-E20/100)) -> 6.8822473 | J20: 3 | K20: =(J20/366)*100 -> 0.81967213 | L20: 8.3198576
D21: =366*(E21/100) -> 36.6 | E21: 10 | F21: =_xlfn.PERCENTILE.EXC(L$18:L$382,(1-E21/100)) -> 6.1284955 | J21: 4 | K21: =(J21/366)*100 -> 1.0928962 | L21: 8.1557617
D22: =366*(E22/100) -> 54.9 | E22: 15 | F22: =_xlfn.PERCENTILE.EXC(L$18:L$382,(1-E22/100)) -> 5.6725666 | J22: 5 | K22: =(J22/366)*100 -> 1.3661202 | L22: 8.0714293
D23: =366*(E23/100) -> 73.2 | E23: 20 | F23: =_xlfn.PERCENTILE.EXC(L$18:L$382,(1-E23/100)) -> 5.3030953 | J23: 6 | K23: =(J23/366)*100 -> 1.6393443 | L23: 7.953763
D24: =366*(E24/100) -> 91.5 | E24: 25 | F24: =_xlfn.PERCENTILE.EXC(L$18:L$382,(1-E24/100)) -> 4.9659045 | J24: 7 | K24: =(J24/366)*100 -> 1.9125683 | L24: 7.8527613
D25: =366*(E25/100) -> 109.8 | E25: 30 | F25: =_xlfn.PERCENTILE.EXC(L$18:L$382,(1-E25/100)) -> 4.6859717 | J25: 8 | K25: =(J25/366)*100 -> 2.1857923 | L25: 7.7089524
D26: =366*(E26/100) -> 128.1 | E26: 35 | F26: =_xlfn.PERCENTILE.EXC(L$18:L$382,(1-E26/100)) -> 4.3629427 | J26: 9 | K26: =(J26/366)*100 -> 2.4590164 | L26: 7.6116667
D27: =366*(E27/100) -> 146.4 | E27: 40 | F27: =_xlfn.PERCENTILE.EXC(L$18:L$382,(1-E27/100)) -> 4.0462668 | J27: 10 | K27: =(J27/366)*100 -> 2.7322404 | L27: 7.5060005
D28: =366*(E28/100) -> 164.7 | E28: 45 | F28: =_xlfn.PERCENTILE.EXC(L$18:L$382,(1-E28/100)) -> 3.7285142 | J28: 11 | K28: =(J28/366)*100 -> 3.0054645 | L28: 7.4366188
D29: =366*(E29/100) -> 183 | E29: 50 | F29: =_xlfn.PERCENTILE.EXC(L$18:L$382,(1-E29/100)) -> 3.3207619 | J29: 12 | K29: =(J29/366)*100 -> 3.2786885 | L29: 7.3675241
D30: =366*(E30/100) -> 201.3 | E30: 55 | F30: =_xlfn.PERCENTILE.EXC(L$18:L$382,(1-E30/100)) -> 2.792438 | J30: 13 | K30: =(J30/366)*100 -> 3.5519126 | L30: 7.305428
... D40: =366*(E40/100) -> 364.17 | E40: 99.5 | F40: =_xlfn.PERCENTILE.EXC(L$18:L$382,(1-E40/100)) -> 0.1199899 | J40: 23 | K40: =(J40/366)*100 -> 6.284153 | L40: 6.6209526
J41: 24 | K41: =(J41/366)*100 -> 6.557377 | L41: 6.5800962
C42: =CONCATENATE("RATED FLOW CURVE. ",D2) -> RATED FLOW CURVE. NATURAL FLOW | J42: 25 | K42: =(J42/366)*100 -> 6.8306011 | L42: 6.5044293
J43: 26 | K43: =(J43/366)*100 -> 7.1038251 | L43: 6.4766665
J44: 27 | K44: =(J44/366)*100 -> 7.3770492 | L44: 6.443666
J45: 28 | K45: =(J45/366)*100 -> 7.6502732 | L45: 6.4115715
J46: 29 | K46: =(J46/366)*100 -> 7.9234973 | L46: 6.3790951
J47: 30 | K47: =(J47/366)*100 -> 8.1967213 | L47: 6.3509521
J48: 31 | K48: =(J48/366)*100 -> 8.4699454 | L48: 6.3130479
J49: 32 | K49: =(J49/366)*100 -> 8.7431694 | L49: 6.273571
J50: 33 | K50: =(J50/366)*100 -> 9.0163934 | L50: 6.2430944
J51: 34 | K51: =(J51/366)*100 -> 9.2896175 | L51: 6.2090011
J52: 35 | K52: =(J52/366)*100 -> 9.5628415 | L52: 6.1767135
J53: 36 | K53: =(J53/366)*100 -> 9.8360656 | L53: 6.1448102
J54: 37 | K54: =(J54/366)*100 -> 10.10929 | L54: 6.117619
... J382: 365 | K382: =(J382/366)*100 -> 99.726776 | L382: 0.11656715

Sheet Informe nº 6a
B2: REPORT | D2: =UPPER(REPORTS!$AB$2) -> ALTERED FLOW
B3: Nº 6a | D3: AVERAGE VALUES OF ANNUAL FLOW RATES DURATION CURVES
B5: NATURAL FLOW CODE (Abbreviation): | E5: =REPORTS!E7 -> Natural Flow (Nat_F)
B6: ALTERED FLOW CODE (Abbreviation): | E6: =REPORTS!E8 -> Altered Flow (Alt_F)
B7: DATE: | E7: 18/05/2026
B12: RESULTS
J13: AVERAGE VALUES OF ANNUAL CURVES
D14: STANDARD PERCENTILES | J14: OF CLASSIFIED FLOW RATES (AVERAGE CURVE)
D16: NO. OF DAYS WHEN | E16: EXCEEDANCE | F16: FLOW RATE (m3/s) | J16: Order no. | K16: EXCEEDANCE | L16: FLOW RATE (m3/s)
D17: FLOW RATE IS EXCEEDED | E17: PERCENTILES (Weibull) | F17: =UPPER(REPORTS!$AA$2) -> ALT_F | K17: PERCENTILES (Weibull) | L17: =UPPER(REPORTS!$AA$2) -> ALT_F
D18: =366*(E18/100) -> 1.83 | E18: 0.5 | F18: =_xlfn.PERCENTILE.EXC(L$18:L$382,(1-(E18/100))) -> 6.7730229 | J18: 1 | K18: =(J18/366)*100 -> 0.27322404 | L18: 7.0158577
D19: =366*(E19/100) -> 3.66 | E19: 1 | F19: =_xlfn.PERCENTILE.EXC(L$18:L$382,(1-E19/100)) -> 6.4699948 | J19: 2 | K19: =(J19/366)*100 -> 0.54644809 | L19: 6.7232857
D20: =366*(E20/100) -> 18.3 | E20: 5 | F20: =_xlfn.PERCENTILE.EXC(L$18:L$382,(1-E20/100)) -> 5.2555333 | J20: 3 | K20: =(J20/366)*100 -> 0.81967213 | L20: 6.5810952
D21: =366*(E21/100) -> 36.6 | E21: 10 | F21: =_xlfn.PERCENTILE.EXC(L$18:L$382,(1-E21/100)) -> 4.5649523 | J21: 4 | K21: =(J21/366)*100 -> 1.0928962 | L21: 6.4127612
D22: =366*(E22/100) -> 54.9 | E22: 15 | F22: =_xlfn.PERCENTILE.EXC(L$18:L$382,(1-E22/100)) -> 3.9982052 | J22: 5 | K22: =(J22/366)*100 -> 1.3661202 | L22: 6.264904
D23: =366*(E23/100) -> 73.2 | E23: 20 | F23: =_xlfn.PERCENTILE.EXC(L$18:L$382,(1-E23/100)) -> 3.4154473 | J23: 6 | K23: =(J23/366)*100 -> 1.6393443 | L23: 6.1413336
D24: =366*(E24/100) -> 91.5 | E24: 25 | F24: =_xlfn.PERCENTILE.EXC(L$18:L$382,(1-E24/100)) -> 2.9222615 | J24: 7 | K24: =(J24/366)*100 -> 1.9125683 | L24: 6.0595236
D25: =366*(E25/100) -> 109.8 | E25: 30 | F25: =_xlfn.PERCENTILE.EXC(L$18:L$382,(1-E25/100)) -> 2.4889334 | J25: 8 | K25: =(J25/366)*100 -> 2.1857923 | L25: 5.9428573
D26: =366*(E26/100) -> 128.1 | E26: 35 | F26: =_xlfn.PERCENTILE.EXC(L$18:L$382,(1-E26/100)) -> 2.1204906 | J26: 9 | K26: =(J26/366)*100 -> 2.4590164 | L26: 5.8819046
D27: =366*(E27/100) -> 146.4 | E27: 40 | F27: =_xlfn.PERCENTILE.EXC(L$18:L$382,(1-E27/100)) -> 1.8078954 | J27: 10 | K27: =(J27/366)*100 -> 2.7322404 | L27: 5.8059521
D28: =366*(E28/100) -> 164.7 | E28: 45 | F28: =_xlfn.PERCENTILE.EXC(L$18:L$382,(1-E28/100)) -> 1.483392 | J28: 11 | K28: =(J28/366)*100 -> 3.0054645 | L28: 5.7172375
D29: =366*(E29/100) -> 183 | E29: 50 | F29: =_xlfn.PERCENTILE.EXC(L$18:L$382,(1-E29/100)) -> 1.1653572 | J29: 12 | K29: =(J29/366)*100 -> 3.2786885 | L29: 5.6487145
D30: =366*(E30/100) -> 201.3 | E30: 55 | F30: =_xlfn.PERCENTILE.EXC(L$18:L$382,(1-E30/100)) -> 0.77912666 | J30: 13 | K30: =(J30/366)*100 -> 3.5519126 | L30: 5.5853333
... D40: =366*(E40/100) -> 364.17 | E40: 99.5 | F40: =_xlfn.PERCENTILE.EXC(L$18:L$382,(1-E40/100)) -> 0.04631082 | J40: 23 | K40: =(J40/366)*100 -> 6.284153 | L40: 5.0858569
J41: 24 | K41: =(J41/366)*100 -> 6.557377 | L41: 5.0369997
C42: =CONCATENATE("RATED FLOW CURVE. ",D2) -> RATED FLOW CURVE. ALTERED FLOW | J42: 25 | K42: =(J42/366)*100 -> 6.8306011 | L42: 4.9998093
J43: 26 | K43: =(J43/366)*100 -> 7.1038251 | L43: 4.9539042
J44: 27 | K44: =(J44/366)*100 -> 7.3770492 | L44: 4.9182854
J45: 28 | K45: =(J45/366)*100 -> 7.6502732 | L45: 4.8738089
J46: 29 | K46: =(J46/366)*100 -> 7.9234973 | L46: 4.8284287
J47: 30 | K47: =(J47/366)*100 -> 8.1967213 | L47: 4.7950478
J48: 31 | K48: =(J48/366)*100 -> 8.4699454 | L48: 4.7501431
J49: 32 | K49: =(J49/366)*100 -> 8.7431694 | L49: 4.7060952
J50: 33 | K50: =(J50/366)*100 -> 9.0163934 | L50: 4.6723337
J51: 34 | K51: =(J51/366)*100 -> 9.2896175 | L51: 4.6510477
J52: 35 | K52: =(J52/366)*100 -> 9.5628415 | L52: 4.6132865
J53: 36 | K53: =(J53/366)*100 -> 9.8360656 | L53: 4.5862374
J54: 37 | K54: =(J54/366)*100 -> 10.10929 | L54: 4.5507622
... J382: 365 | K382: =(J382/366)*100 -> 99.726776 | L382: 0.045249999

Sheet Informe nº6b
B2: REPORT | D2: =CONCATENATE(UPPER(REPORTS!$AB$1)," Y ",UPPER(REPORTS!$AB$2)) -> NATURAL FLOW Y ALTERED FLOW
B3: Nº 6b | D3: AVERAGE VALUES OF ANNUAL FLOW RATES DURATION CURVES
B5: NATURAL FLOW CODE (Abbreviation): | E5: =REPORTS!E7 -> Natural Flow (Nat_F)
B6: ALTERED FLOW CODE (Abbreviation): | E6: =REPORTS!E8 -> Altered Flow (Alt_F)
B7: DATE: | E7: 18/05/2026
B12: RESULTS
J13: AVERAGE VALUES OF ANNUAL CURVES
C14: STANDARD PERCENTILES | J14: OF CLASSIFIED FLOW RATES (AVERAGE CURVE)
C16: NO. OF DAYS WHEN | D16: EXCEEDANCE | E16: FLOW RATE (m3/s) | J16: Order no. | K16: EXCEEDANCE | L16: FLOW RATE (m3/s)
C17: FLOW RATE IS EXCEEDED | D17: PERCENTILES (Weibull) | E17: =UPPER(REPORTS!$AA$1) -> NAT_F | F17: =UPPER(REPORTS!$AA$2) -> ALT_F | K17: PERCENTILES (Weibull) | L17: =UPPER(REPORTS!$AA$1) -> NAT_F | M17: =UPPER(REPORTS!$AA$2) -> ALT_F
C18: =366*(D18/100) -> 1.83 | D18: 0.5 | E18: =_xlfn.PERCENTILE.EXC(L$18:L$382,(1-(D18/100))) -> 8.5795047 | F18: =_xlfn.PERCENTILE.EXC(M$18:M$382,(1-(D18/100))) -> 6.7730229 | J18: 1 | K18: =(J18/366)*100 -> 0.27322404 | L18: ='Informe nº 6'!L18 -> 8.754715 | M18: ='Informe nº 6a'!L18 -> 7.0158577
C19: =366*(D19)/100 -> 3.66 | D19: 1 | E19: =_xlfn.PERCENTILE.EXC(L$18:L$382,(1-(D19/100))) -> 8.2115543 | F19: =_xlfn.PERCENTILE.EXC(M$18:M$382,(1-(D19/100))) -> 6.4699948 | J19: 2 | K19: =(J19/366)*100 -> 0.54644809 | L19: ='Informe nº 6'!L19 -> 8.5436182 | M19: ='Informe nº 6a'!L19 -> 6.7232857
C20: =366*(D20)/100 -> 18.3 | D20: 5 | E20: =_xlfn.PERCENTILE.EXC(L$18:L$382,(1-(D20/100))) -> 6.8822473 | F20: =_xlfn.PERCENTILE.EXC(M$18:M$382,(1-(D20/100))) -> 5.2555333 | J20: 3 | K20: =(J20/366)*100 -> 0.81967213 | L20: ='Informe nº 6'!L20 -> 8.3198576 | M20: ='Informe nº 6a'!L20 -> 6.5810952
C21: =366*(D21)/100 -> 36.6 | D21: 10 | E21: =_xlfn.PERCENTILE.EXC(L$18:L$382,(1-(D21/100))) -> 6.1284955 | F21: =_xlfn.PERCENTILE.EXC(M$18:M$382,(1-(D21/100))) -> 4.5649523 | J21: 4 | K21: =(J21/366)*100 -> 1.0928962 | L21: ='Informe nº 6'!L21 -> 8.1557617 | M21: ='Informe nº 6a'!L21 -> 6.4127612
C22: =366*(D22)/100 -> 54.9 | D22: 15 | E22: =_xlfn.PERCENTILE.EXC(L$18:L$382,(1-(D22/100))) -> 5.6725666 | F22: =_xlfn.PERCENTILE.EXC(M$18:M$382,(1-(D22/100))) -> 3.9982052 | J22: 5 | K22: =(J22/366)*100 -> 1.3661202 | L22: ='Informe nº 6'!L22 -> 8.0714293 | M22: ='Informe nº 6a'!L22 -> 6.264904
C23: =366*(D23)/100 -> 73.2 | D23: 20 | E23: =_xlfn.PERCENTILE.EXC(L$18:L$382,(1-(D23/100))) -> 5.3030953 | F23: =_xlfn.PERCENTILE.EXC(M$18:M$382,(1-(D23/100))) -> 3.4154473 | J23: 6 | K23: =(J23/366)*100 -> 1.6393443 | L23: ='Informe nº 6'!L23 -> 7.953763 | M23: ='Informe nº 6a'!L23 -> 6.1413336
C24: =366*(D24)/100 -> 91.5 | D24: 25 | E24: =_xlfn.PERCENTILE.EXC(L$18:L$382,(1-(D24/100))) -> 4.9659045 | F24: =_xlfn.PERCENTILE.EXC(M$18:M$382,(1-(D24/100))) -> 2.9222615 | J24: 7 | K24: =(J24/366)*100 -> 1.9125683 | L24: ='Informe nº 6'!L24 -> 7.8527613 | M24: ='Informe nº 6a'!L24 -> 6.0595236
C25: =366*(D25)/100 -> 109.8 | D25: 30 | E25: =_xlfn.PERCENTILE.EXC(L$18:L$382,(1-(D25/100))) -> 4.6859717 | F25: =_xlfn.PERCENTILE.EXC(M$18:M$382,(1-(D25/100))) -> 2.4889334 | J25: 8 | K25: =(J25/366)*100 -> 2.1857923 | L25: ='Informe nº 6'!L25 -> 7.7089524 | M25: ='Informe nº 6a'!L25 -> 5.9428573
C26: =366*(D26)/100 -> 128.1 | D26: 35 | E26: =_xlfn.PERCENTILE.EXC(L$18:L$382,(1-(D26/100))) -> 4.3629427 | F26: =_xlfn.PERCENTILE.EXC(M$18:M$382,(1-(D26/100))) -> 2.1204906 | J26: 9 | K26: =(J26/366)*100 -> 2.4590164 | L26: ='Informe nº 6'!L26 -> 7.6116667 | M26: ='Informe nº 6a'!L26 -> 5.8819046
C27: =366*(D27)/100 -> 146.4 | D27: 40 | E27: =_xlfn.PERCENTILE.EXC(L$18:L$382,(1-(D27/100))) -> 4.0462668 | F27: =_xlfn.PERCENTILE.EXC(M$18:M$382,(1-(D27/100))) -> 1.8078954 | J27: 10 | K27: =(J27/366)*100 -> 2.7322404 | L27: ='Informe nº 6'!L27 -> 7.5060005 | M27: ='Informe nº 6a'!L27 -> 5.8059521
C28: =366*(D28)/100 -> 164.7 | D28: 45 | E28: =_xlfn.PERCENTILE.EXC(L$18:L$382,(1-(D28/100))) -> 3.7285142 | F28: =_xlfn.PERCENTILE.EXC(M$18:M$382,(1-(D28/100))) -> 1.483392 | J28: 11 | K28: =(J28/366)*100 -> 3.0054645 | L28: ='Informe nº 6'!L28 -> 7.4366188 | M28: ='Informe nº 6a'!L28 -> 5.7172375
C29: =366*(D29)/100 -> 183 | D29: 50 | E29: =_xlfn.PERCENTILE.EXC(L$18:L$382,(1-(D29/100))) -> 3.3207619 | F29: =_xlfn.PERCENTILE.EXC(M$18:M$382,(1-(D29/100))) -> 1.1653572 | J29: 12 | K29: =(J29/366)*100 -> 3.2786885 | L29: ='Informe nº 6'!L29 -> 7.3675241 | M29: ='Informe nº 6a'!L29 -> 5.6487145
C30: =366*(D30)/100 -> 201.3 | D30: 55 | E30: =_xlfn.PERCENTILE.EXC(L$18:L$382,(1-(D30/100))) -> 2.792438 | F30: =_xlfn.PERCENTILE.EXC(M$18:M$382,(1-(D30/100))) -> 0.77912666 | J30: 13 | K30: =(J30/366)*100 -> 3.5519126 | L30: ='Informe nº 6'!L30 -> 7.305428 | M30: ='Informe nº 6a'!L30 -> 5.5853333
... C39: =366*(D39)/100 -> 362.34 | D39: 99 | E39: =_xlfn.PERCENTILE.EXC(L$18:L$382,(1-(D39/100))) -> 0.12582095 | F39: =_xlfn.PERCENTILE.EXC(M$18:M$382,(1-(D39/100))) -> 0.048281906 | J39: 22 | K39: =(J39/366)*100 -> 6.010929 | L39: ='Informe nº 6'!L39 -> 6.6726675 | M39: ='Informe nº 6a'!L39 -> 5.1119046
C40: =366*(D40/100) -> 364.17 | D40: 99.5 | E40: =_xlfn.PERCENTILE.EXC(L$18:L$382,(1-(D40/100))) -> 0.1199899 | F40: =_xlfn.PERCENTILE.EXC(M$18:M$382,(1-(D40/100))) -> 0.04631082 | J40: 23 | K40: =(J40/366)*100 -> 6.284153 | L40: ='Informe nº 6'!L40 -> 6.6209526 | M40: ='Informe nº 6a'!L40 -> 5.0858569
J41: 24 | K41: =(J41/366)*100 -> 6.557377 | L41: ='Informe nº 6'!L41 -> 6.5800962 | M41: ='Informe nº 6a'!L41 -> 5.0369997
C42: =CONCATENATE("RATED FLOW CURVE. ",D2) -> RATED FLOW CURVE. NATURAL FLOW Y ALTERED FLOW | J42: 25 | K42: =(J42/366)*100 -> 6.8306011 | L42: ='Informe nº 6'!L42 -> 6.5044293 | M42: ='Informe nº 6a'!L42 -> 4.9998093
J43: 26 | K43: =(J43/366)*100 -> 7.1038251 | L43: ='Informe nº 6'!L43 -> 6.4766665 | M43: ='Informe nº 6a'!L43 -> 4.9539042
J44: 27 | K44: =(J44/366)*100 -> 7.3770492 | L44: ='Informe nº 6'!L44 -> 6.443666 | M44: ='Informe nº 6a'!L44 -> 4.9182854
J45: 28 | K45: =(J45/366)*100 -> 7.6502732 | L45: ='Informe nº 6'!L45 -> 6.4115715 | M45: ='Informe nº 6a'!L45 -> 4.8738089
J46: 29 | K46: =(J46/366)*100 -> 7.9234973 | L46: ='Informe nº 6'!L46 -> 6.3790951 | M46: ='Informe nº 6a'!L46 -> 4.8284287
J47: 30 | K47: =(J47/366)*100 -> 8.1967213 | L47: ='Informe nº 6'!L47 -> 6.3509521 | M47: ='Informe nº 6a'!L47 -> 4.7950478
J48: 31 | K48: =(J48/366)*100 -> 8.4699454 | L48: ='Informe nº 6'!L48 -> 6.3130479 | M48: ='Informe nº 6a'!L48 -> 4.7501431
J49: 32 | K49: =(J49/366)*100 -> 8.7431694 | L49: ='Informe nº 6'!L49 -> 6.273571 | M49: ='Informe nº 6a'!L49 -> 4.7060952
J50: 33 | K50: =(J50/366)*100 -> 9.0163934 | L50: ='Informe nº 6'!L50 -> 6.2430944 | M50: ='Informe nº 6a'!L50 -> 4.6723337
J51: 34 | K51: =(J51/366)*100 -> 9.2896175 | L51: ='Informe nº 6'!L51 -> 6.2090011 | M51: ='Informe nº 6a'!L51 -> 4.6510477
J52: 35 | K52: =(J52/366)*100 -> 9.5628415 | L52: ='Informe nº 6'!L52 -> 6.1767135 | M52: ='Informe nº 6a'!L52 -> 4.6132865
J53: 36 | K53: =(J53/366)*100 -> 9.8360656 | L53: ='Informe nº 6'!L53 -> 6.1448102 | M53: ='Informe nº 6a'!L53 -> 4.5862374
J54: 37 | K54: =(J54/366)*100 -> 10.10929 | L54: ='Informe nº 6'!L54 -> 6.117619 | M54: ='Informe nº 6a'!L54 -> 4.5507622
... J382: 365 | K382: =(J382/366)*100 -> 99.726776 | L382: ='Informe nº 6'!L382 -> 0.11656715 | M382: ='Informe nº 6a'!L382 -> 0.045249999

Sheet Informe nº6c
B2: REPORT | D2: =UPPER(REPORTS!$AB$1) -> NATURAL FLOW
B3: Nº 6c | D3: AVERAGE VALUES OF MONTHLY FLOW RATES DURATION CURVES
B5: NATURAL FLOW CODE (Abbreviation): | E5: =REPORTS!E7 -> Natural Flow (Nat_F)
B6: ALTERED FLOW CODE (Abbreviation): | E6: =REPORTS!E8 -> Altered Flow (Alt_F)
B7: DATE: | E7: 18/05/2026
D12: RESULTS
D14: ='Informe nº6c'!$E$42 -> MONTHLY RATED FLOW CURVES. NATURAL FLOW
D15: FLOW RATE (m3/s)
D16: EXCEEDANCE | E16: OCTOBER | F16: NOVEMBER | G16: DECEMBER | H16: JANUARY | I16: FEBRUARY | J16: MARCH | K16: APRIL | L16: MAY | M16: JUNE | N16: JULY | O16: AUGUST | P16: SEPTEMBER
D17: PERCENTILES (Weibull) | S17: Nº de orden | T17: OCTUBRE | U17: NOVIEMBRE | V17: DICIEMBRE | W17: ENERO | X17: FEBRERO | Y17: MARZO | Z17: ABRIL | AA17: MAYO | AB17: JUNIO | AC17: JULIO | AD17: AGOSTO | AE17: SEPTIEMBRE
D18: 5 | E18: =_xlfn.PERCENTILE.EXC(T$18:T$48,1-($D18/100)) -> 2.1101619 | F18: =_xlfn.PERCENTILE.EXC(U$18:U$48,1-($D18/100)) -> 4.6877476 | G18: =_xlfn.PERCENTILE.EXC(V$18:V$48,1-($D18/100)) -> 7.6451619 | H18: =_xlfn.PERCENTILE.EXC(W$18:W$48,1-($D18/100)) -> 7.1677047 | I18: =_xlfn.PERCENTILE.EXC(X$18:X$48,1-($D18/100)) -> 6.0750905 | J18: =_xlfn.PERCENTILE.EXC(Y$18:Y$48,1-($D18/100)) -> 5.5898762 | K18: =_xlfn.PERCENTILE.EXC(Z$18:Z$48,1-($D18/100)) -> 6.491181 | L18: =_xlfn.PERCENTILE.EXC(AA$18:AA$48,1-($D18/100)) -> 6.7139238 | ... P18: =_xlfn.PERCENTILE.EXC(AE$18:AE$48,1-($D18/100)) -> 0.55967952 | S18: 1 | T18: 2.196619 | U18: 4.8130952 | V18: 7.774619 | W18: 7.2891904 | X18: 6.1740476 | Y18: 5.6889048 | Z18: 6.5881905 | AA18: 6.7999524 | AB18: 4.0521429 | AC18: 0.75859524 | AD18: 0.25235714 | AE18: 0.59877143
D19: 10 | E19: =_xlfn.PERCENTILE.EXC(T$18:T$48,1-($D19/100)) -> 1.9420724 | F19: =_xlfn.PERCENTILE.EXC(U$18:U$48,1-($D19/100)) -> 4.3405381 | G19: =_xlfn.PERCENTILE.EXC(V$18:V$48,1-($D19/100)) -> 7.2930286 | H19: =_xlfn.PERCENTILE.EXC(W$18:W$48,1-($D19/100)) -> 6.8262 | I19: =_xlfn.PERCENTILE.EXC(X$18:X$48,1-($D19/100)) -> 5.8311 | J19: =_xlfn.PERCENTILE.EXC(Y$18:Y$48,1-($D19/100)) -> 5.3337143 | K19: =_xlfn.PERCENTILE.EXC(Z$18:Z$48,1-($D19/100)) -> 6.2202429 | L19: =_xlfn.PERCENTILE.EXC(AA$18:AA$48,1-($D19/100)) -> 6.4837047 | ... P19: =_xlfn.PERCENTILE.EXC(AE$18:AE$48,1-($D19/100)) -> 0.48073476 | S19: 2 | T19: 2.0525238 | U19: 4.5851905 | V19: 7.5588572 | W19: 7.0867143 | X19: 5.9541429 | Y19: 5.5238571 | Z19: 6.4118095 | AA19: 6.6565714 | AB19: 3.8239048 | AC19: 0.72475714 | AD19: 0.24580476 | AE19: 0.52769524
D20: 15 | E20: =_xlfn.PERCENTILE.EXC(T$18:T$48,1-($D20/100)) -> 1.8017029 | F20: =_xlfn.PERCENTILE.EXC(U$18:U$48,1-($D20/100)) -> 4.06555 | G20: =_xlfn.PERCENTILE.EXC(V$18:V$48,1-($D20/100)) -> 6.9550857 | H20: =_xlfn.PERCENTILE.EXC(W$18:W$48,1-($D20/100)) -> 6.6003714 | I20: =_xlfn.PERCENTILE.EXC(X$18:X$48,1-($D20/100)) -> 5.619569 | J20: =_xlfn.PERCENTILE.EXC(Y$18:Y$48,1-($D20/100)) -> 5.1118095 | K20: =_xlfn.PERCENTILE.EXC(Z$18:Z$48,1-($D20/100)) -> 6.0155691 | L20: =_xlfn.PERCENTILE.EXC(AA$18:AA$48,1-($D20/100)) -> 6.2480476 | ... P20: =_xlfn.PERCENTILE.EXC(AE$18:AE$48,1-($D20/100)) -> 0.39870095 | S20: 3 | T20: 1.9603333 | U20: 4.3599047 | V20: 7.3459524 | W20: 6.8601905 | X20: 5.8174286 | Y20: 5.3542858 | Z20: 6.2335714 | AA20: 6.5075714 | AB20: 3.6021905 | AC20: 0.68932858 | AD20: 0.23808572 | AE20: 0.48589047
D21: 20 | E21: =_xlfn.PERCENTILE.EXC(T$18:T$48,1-($D21/100)) -> 1.6730876 | F21: =_xlfn.PERCENTILE.EXC(U$18:U$48,1-($D21/100)) -> 3.8862381 | G21: =_xlfn.PERCENTILE.EXC(V$18:V$48,1-($D21/100)) -> 6.7596666 | H21: =_xlfn.PERCENTILE.EXC(W$18:W$48,1-($D21/100)) -> 6.4274952 | I21: =_xlfn.PERCENTILE.EXC(X$18:X$48,1-($D21/100)) -> 5.5137524 | J21: =_xlfn.PERCENTILE.EXC(Y$18:Y$48,1-($D21/100)) -> 4.9668762 | K21: =_xlfn.PERCENTILE.EXC(Z$18:Z$48,1-($D21/100)) -> 5.8469809 | L21: =_xlfn.PERCENTILE.EXC(AA$18:AA$48,1-($D21/100)) -> 6.0276667 | ... P21: =_xlfn.PERCENTILE.EXC(AE$18:AE$48,1-($D21/100)) -> 0.34162381 | S21: 4 | T21: 1.8690286 | U21: 4.1662381 | V21: 7.0813334 | W21: 6.6902381 | X21: 5.642619 | Y21: 5.2514286 | Z21: 6.1002857 | AA21: 6.3882381 | AB21: 3.4299048 | AC21: 0.66117143 | AD21: 0.23279524 | AE21: 0.43433333
D22: 25 | E22: =_xlfn.PERCENTILE.EXC(T$18:T$48,1-($D22/100)) -> 1.5583381 | F22: =_xlfn.PERCENTILE.EXC(U$18:U$48,1-($D22/100)) -> 3.7224048 | G22: =_xlfn.PERCENTILE.EXC(V$18:V$48,1-($D22/100)) -> 6.4722858 | H22: =_xlfn.PERCENTILE.EXC(W$18:W$48,1-($D22/100)) -> 6.2127619 | I22: =_xlfn.PERCENTILE.EXC(X$18:X$48,1-($D22/100)) -> 5.3353096 | J22: =_xlfn.PERCENTILE.EXC(Y$18:Y$48,1-($D22/100)) -> 4.8526666 | K22: =_xlfn.PERCENTILE.EXC(Z$18:Z$48,1-($D22/100)) -> 5.6572738 | L22: =_xlfn.PERCENTILE.EXC(AA$18:AA$48,1-($D22/100)) -> 5.8173334 | ... P22: =_xlfn.PERCENTILE.EXC(AE$18:AE$48,1-($D22/100)) -> 0.30160119 | S22: 5 | T22: 1.7848714 | U22: 4.0113333 | V22: 6.9235238 | W22: 6.5779047 | X22: 5.5767619 | Y22: 5.0769048 | Z22: 5.9699524 | AA22: 6.213 | AB22: 3.2626191 | AC22: 0.63500952 | AD22: 0.22696667 | AE22: 0.37951429
D23: 30 | E23: =_xlfn.PERCENTILE.EXC(T$18:T$48,1-($D23/100)) -> 1.4657381 | F23: =_xlfn.PERCENTILE.EXC(U$18:U$48,1-($D23/100)) -> 3.5645047 | G23: =_xlfn.PERCENTILE.EXC(V$18:V$48,1-($D23/100)) -> 6.3162476 | H23: =_xlfn.PERCENTILE.EXC(W$18:W$48,1-($D23/100)) -> 6.027019 | I23: =_xlfn.PERCENTILE.EXC(X$18:X$48,1-($D23/100)) -> 5.1963857 | J23: =_xlfn.PERCENTILE.EXC(Y$18:Y$48,1-($D23/100)) -> 4.7447714 | K23: =_xlfn.PERCENTILE.EXC(Z$18:Z$48,1-($D23/100)) -> 5.4911476 | L23: =_xlfn.PERCENTILE.EXC(AA$18:AA$48,1-($D23/100)) -> 5.6670857 | ... P23: =_xlfn.PERCENTILE.EXC(AE$18:AE$48,1-($D23/100)) -> 0.26321809 | S23: 6 | T23: 1.7029333 | U23: 3.9052857 | V23: 6.8045238 | W23: 6.4754762 | X23: 5.498 | Y23: 4.9995238 | Z23: 5.8745238 | AA23: 6.0958572 | AB23: 3.1044762 | AC23: 0.61208571 | AD23: 0.2224619 | AE23: 0.34542857
D24: 35 | E24: =_xlfn.PERCENTILE.EXC(T$18:T$48,1-($D24/100)) -> 1.3786 | F24: =_xlfn.PERCENTILE.EXC(U$18:U$48,1-($D24/100)) -> 3.4608929 | G24: =_xlfn.PERCENTILE.EXC(V$18:V$48,1-($D24/100)) -> 6.1113809 | H24: =_xlfn.PERCENTILE.EXC(W$18:W$48,1-($D24/100)) -> 5.8161714 | I24: =_xlfn.PERCENTILE.EXC(X$18:X$48,1-($D24/100)) -> 5.1008667 | J24: =_xlfn.PERCENTILE.EXC(Y$18:Y$48,1-($D24/100)) -> 4.6624476 | K24: =_xlfn.PERCENTILE.EXC(Z$18:Z$48,1-($D24/100)) -> 5.3686833 | L24: =_xlfn.PERCENTILE.EXC(AA$18:AA$48,1-($D24/100)) -> 5.496 | ... P24: =_xlfn.PERCENTILE.EXC(AE$18:AE$48,1-($D24/100)) -> 0.23916024 | S24: 7 | T24: 1.628319 | U24: 3.8100476 | V24: 6.692381 | W24: 6.3555238 | X24: 5.3617619 | Y24: 4.9179048 | Z24: 5.7368095 | AA24: 5.925381 | AB24: 2.9688571 | AC24: 0.58212857 | AD24: 0.21757143 | AE24: 0.32640476
D25: 40 | E25: =_xlfn.PERCENTILE.EXC(T$18:T$48,1-($D25/100)) -> 1.28892 | F25: =_xlfn.PERCENTILE.EXC(U$18:U$48,1-($D25/100)) -> 3.3260571 | G25: =_xlfn.PERCENTILE.EXC(V$18:V$48,1-($D25/100)) -> 5.8796095 | H25: =_xlfn.PERCENTILE.EXC(W$18:W$48,1-($D25/100)) -> 5.6284762 | I25: =_xlfn.PERCENTILE.EXC(X$18:X$48,1-($D25/100)) -> 4.9981809 | J25: =_xlfn.PERCENTILE.EXC(Y$18:Y$48,1-($D25/100)) -> 4.580581 | K25: =_xlfn.PERCENTILE.EXC(Z$18:Z$48,1-($D25/100)) -> 5.2478667 | L25: =_xlfn.PERCENTILE.EXC(AA$18:AA$48,1-($D25/100)) -> 5.3770666 | ... P25: =_xlfn.PERCENTILE.EXC(AE$18:AE$48,1-($D25/100)) -> 0.21570286 | S25: 8 | T25: 1.5583381 | U25: 3.6931905 | V25: 6.4722858 | W25: 6.2127619 | X25: 5.2559524 | Y25: 4.8526666 | Z25: 5.6307619 | AA25: 5.8173334 | AB25: 2.7893809 | AC25: 0.55804762 | AD25: 0.21312857 | AE25: 0.29333333
D26: 45 | E26: =_xlfn.PERCENTILE.EXC(T$18:T$48,1-($D26/100)) -> 1.2042562 | F26: =_xlfn.PERCENTILE.EXC(U$18:U$48,1-($D26/100)) -> 3.1669762 | G26: =_xlfn.PERCENTILE.EXC(V$18:V$48,1-($D26/100)) -> 5.6603047 | H26: =_xlfn.PERCENTILE.EXC(W$18:W$48,1-($D26/100)) -> 5.4215429 | I26: =_xlfn.PERCENTILE.EXC(X$18:X$48,1-($D26/100)) -> 4.8864238 | J26: =_xlfn.PERCENTILE.EXC(Y$18:Y$48,1-($D26/100)) -> 4.4899333 | K26: =_xlfn.PERCENTILE.EXC(Z$18:Z$48,1-($D26/100)) -> 5.1220595 | L26: =_xlfn.PERCENTILE.EXC(AA$18:AA$48,1-($D26/100)) -> 5.2254095 | ... P26: =_xlfn.PERCENTILE.EXC(AE$18:AE$48,1-($D26/100)) -> 0.20111833 | S26: 9 | T26: 1.5007667 | U26: 3.5914762 | V26: 6.3681905 | W26: 6.1090476 | X26: 5.1708572 | Y26: 4.7732857 | Z26: 5.5119048 | AA26: 5.7168571 | AB26: 2.6196667 | AC26: 0.53835238 | AD26: 0.20762381 | AE26: 0.26670952
D27: 50 | E27: =_xlfn.PERCENTILE.EXC(T$18:T$48,1-($D27/100)) -> 1.1168143 | F27: =_xlfn.PERCENTILE.EXC(U$18:U$48,1-($D27/100)) -> 2.9638095 | G27: =_xlfn.PERCENTILE.EXC(V$18:V$48,1-($D27/100)) -> 5.4275238 | H27: =_xlfn.PERCENTILE.EXC(W$18:W$48,1-($D27/100)) -> 5.2772381 | I27: =_xlfn.PERCENTILE.EXC(X$18:X$48,1-($D27/100)) -> 4.7661666 | J27: =_xlfn.PERCENTILE.EXC(Y$18:Y$48,1-($D27/100)) -> 4.3769524 | K27: =_xlfn.PERCENTILE.EXC(Z$18:Z$48,1-($D27/100)) -> 4.9635238 | L27: =_xlfn.PERCENTILE.EXC(AA$18:AA$48,1-($D27/100)) -> 5.0698571 | ... P27: =_xlfn.PERCENTILE.EXC(AE$18:AE$48,1-($D27/100)) -> 0.18675 | S27: 10 | T27: 1.4423857 | U27: 3.5015714 | V27: 6.281619 | W27: 5.9723333 | X27: 5.1125238 | Y27: 4.7257619 | Z27: 5.4427144 | AA27: 5.6339048 | AB27: 2.4766191 | AC27: 0.51635714 | AD27: 0.20448571 | AE27: 0.25507143
D28: 55 | E28: =_xlfn.PERCENTILE.EXC(T$18:T$48,1-($D28/100)) -> 1.0292429 | F28: =_xlfn.PERCENTILE.EXC(U$18:U$48,1-($D28/100)) -> 2.7749238 | G28: =_xlfn.PERCENTILE.EXC(V$18:V$48,1-($D28/100)) -> 5.2173524 | H28: =_xlfn.PERCENTILE.EXC(W$18:W$48,1-($D28/100)) -> 5.1458476 | I28: =_xlfn.PERCENTILE.EXC(X$18:X$48,1-($D28/100)) -> 4.63745 | J28: =_xlfn.PERCENTILE.EXC(Y$18:Y$48,1-($D28/100)) -> 4.2751905 | K28: =_xlfn.PERCENTILE.EXC(Z$18:Z$48,1-($D28/100)) -> 4.8296167 | L28: =_xlfn.PERCENTILE.EXC(AA$18:AA$48,1-($D28/100)) -> 4.952181 | ... P28: =_xlfn.PERCENTILE.EXC(AE$18:AE$48,1-($D28/100)) -> 0.17247786 | S28: 11 | T28: 1.3868238 | U28: 3.4537143 | V28: 6.1453333 | W28: 5.8386666 | X28: 5.0348095 | Y28: 4.6714762 | Z28: 5.355619 | AA28: 5.5098096 | AB28: 2.3314286 | AC28: 0.49871429 | AD28: 0.20094762 | AE28: 0.23635238
D29: 60 | E29: =_xlfn.PERCENTILE.EXC(T$18:T$48,1-($D29/100)) -> 0.9353381 | F29: =_xlfn.PERCENTILE.EXC(U$18:U$48,1-($D29/100)) -> 2.5650362 | G29: =_xlfn.PERCENTILE.EXC(V$18:V$48,1-($D29/100)) -> 5.0741428 | H29: =_xlfn.PERCENTILE.EXC(W$18:W$48,1-($D29/100)) -> 4.9962095 | I29: =_xlfn.PERCENTILE.EXC(X$18:X$48,1-($D29/100)) -> 4.5162666 | J29: =_xlfn.PERCENTILE.EXC(Y$18:Y$48,1-($D29/100)) -> 4.1977429 | K29: =_xlfn.PERCENTILE.EXC(Z$18:Z$48,1-($D29/100)) -> 4.7423619 | L29: =_xlfn.PERCENTILE.EXC(AA$18:AA$48,1-($D29/100)) -> 4.7574857 | ... P29: =_xlfn.PERCENTILE.EXC(AE$18:AE$48,1-($D29/100)) -> 0.16091429 | S29: 12 | T29: 1.3457048 | U29: 3.3666667 | V29: 5.9755714 | W29: 5.7261905 | X29: 4.9737619 | Y29: 4.6263333 | Z29: 5.2724762 | AA29: 5.4407619 | AB29: 2.2110952 | AC29: 0.48126191 | AD29: 0.197 | AE29: 0.22187619
... D36: 95 | E36: =_xlfn.PERCENTILE.EXC(T$18:T$48,1-($D36/100)) -> 0.42606381 | F36: =_xlfn.PERCENTILE.EXC(U$18:U$48,1-($D36/100)) -> 1.2889074 | G36: =_xlfn.PERCENTILE.EXC(V$18:V$48,1-($D36/100)) -> 3.5973905 | H36: =_xlfn.PERCENTILE.EXC(W$18:W$48,1-($D36/100)) -> 4.1227048 | I36: =_xlfn.PERCENTILE.EXC(X$18:X$48,1-($D36/100)) -> 3.8019119 | J36: =_xlfn.PERCENTILE.EXC(Y$18:Y$48,1-($D36/100)) -> 3.4347905 | K36: =_xlfn.PERCENTILE.EXC(Z$18:Z$48,1-($D36/100)) -> 3.6281524 | L36: =_xlfn.PERCENTILE.EXC(AA$18:AA$48,1-($D36/100)) -> 3.6286857 | ... P36: =_xlfn.PERCENTILE.EXC(AE$18:AE$48,1-($D36/100)) -> 0.11807862 | S36: 19 | T36: 0.94568095 | U36: 2.5038857 | V36: 5.0993333 | W36: 5.0075715 | X36: 4.4209524 | Y36: 4.2142381 | Z36: 4.721619 | AA36: 4.7810952 | AB36: 1.4392429 | AC36: 0.37333809 | AD36: 0.17468571 | AE36: 0.15782857
S37: 20 | T37: 0.89396667 | U37: 2.4158952 | V37: 4.9733809 | W37: 4.9507619 | X37: 4.3419524 | Y37: 4.1317619 | Z37: 4.6592857 | AA37: 4.6630476 | AB37: 1.3509143 | AC37: 0.36262857 | AD37: 0.17185714 | AE37: 0.15517143
S38: 21 | T38: 0.86138094 | U38: 2.2445381 | V38: 4.8660476 | W38: 4.8809048 | X38: 4.2903333 | Y38: 4.0800952 | Z38: 4.563 | AA38: 4.5597619 | AB38: 1.276 | AC38: 0.35103809 | AD38: 0.16874286 | AE38: 0.14830476
S39: 22 | T39: 0.81887142 | U39: 2.0725095 | V39: 4.7808095 | W39: 4.8097619 | X39: 4.2374286 | Y39: 4.0335238 | Z39: 4.4849048 | AA39: 4.4659524 | AB39: 1.2044286 | AC39: 0.33996667 | AD39: 0.16670476 | AE39: 0.14260952
S40: 23 | T40: 0.77259048 | U40: 1.9485809 | V40: 4.6147143 | W40: 4.755 | X40: 4.1572381 | Y40: 3.9867143 | Z40: 4.3908095 | AA40: 4.3929048 | AB40: 1.1463 | AC40: 0.32606667 | AD40: 0.16435238 | AE40: 0.13989048
S41: 24 | T41: 0.73893333 | U41: 1.8626762 | V41: 4.4666667 | W41: 4.6648095 | X41: 4.116381 | Y41: 3.9283333 | Z41: 4.2686667 | AA41: 4.2961905 | AB41: 1.0777571 | AC41: 0.31669048 | AD41: 0.16203809 | AE41: 0.13638095
E42: =CONCATENATE("MONTHLY RATED FLOW CURVES. ",D2) -> MONTHLY RATED FLOW CURVES. NATURAL FLOW | S42: 25 | T42: 0.67782857 | U42: 1.8054524 | V42: 4.3568571 | W42: 4.6215238 | X42: 4.0203333 | Y42: 3.8567619 | Z42: 4.1847143 | AA42: 4.2281905 | AB42: 1.0248857 | AC42: 0.30463333 | AD42: 0.16013333 | AE42: 0.13240952
S43: 26 | T43: 0.61657618 | U43: 1.6753905 | V43: 4.2599048 | W43: 4.5133333 | X43: 3.9650476 | Y43: 3.7730952 | Z43: 4.1260476 | AA43: 4.1311905 | AB43: 0.97529524 | AC43: 0.29683333 | AD43: 0.15801429 | AE43: 0.12966667
S44: 27 | T44: 0.58388571 | U44: 1.5742 | V44: 4.0776667 | W44: 4.4583333 | X44: 3.868619 | Y44: 3.7065714 | Z44: 3.9638571 | AA44: 4.0028572 | AB44: 0.9194238 | AC44: 0.2872381 | AD44: 0.15393333 | AE44: 0.12718667
S45: 28 | T45: 0.55556191 | U45: 1.4588333 | V45: 3.9388095 | W45: 4.3530952 | X45: 3.7473333 | Y45: 3.6165238 | Z45: 3.807381 | AA45: 3.8730953 | AB45: 0.87816667 | AC45: 0.2775381 | AD45: 0.15181905 | AE45: 0.12393333
S46: 29 | T46: 0.4950619 | U46: 1.3335238 | V46: 3.8109047 | W46: 4.2861429 | Y46: 3.5588096 | Z46: 3.6929524 | AA46: 3.7643333 | AB46: 0.83618095 | AC46: 0.26807619 | AD46: 0.148 | AE46: 0.11973762
S47: 30 | T47: 0.44765238 | U47: 1.2343762 | V47: 3.6648572 | W47: 4.1691429 | Y47: 3.4789048 | Z47: 3.5489524 | AA47: 3.6802857 | AB47: 0.79328571 | AC47: 0.25989524 | AD47: 0.14551429 | AE47: 0.11605095
S48: 31 | T48: 0.39368095 | V48: 3.4961905 | W48: 4.0530476 | Y48: 3.3686191 | AA48: 3.5512857 | AC48: 0.2505 | AD48: 0.1406
AF50: Variabilidad extrema
AF52: =MAX(T52:AE52)-MIN(T52:AE52) -> 0
AF53: =MAX(T53:AE53)-MIN(T53:AE53) -> 0
AF54: =MAX(T54:AE54)-MIN(T54:AE54) -> 0
AF55: =MAX(T55:AE55)-MIN(T55:AE55) -> 0
AF56: =MAX(T56:AE56)-MIN(T56:AE56) -> 0
AF57: =MAX(T57:AE57)-MIN(T57:AE57) -> 0
AF58: =MAX(T58:AE58)-MIN(T58:AE58) -> 0
AF59: =MAX(T59:AE59)-MIN(T59:AE59) -> 0
AF60: =MAX(T60:AE60)-MIN(T60:AE60) -> 0
AF61: =MAX(T61:AE61)-MIN(T61:AE61) -> 0
AF62: =MAX(T62:AE62)-MIN(T62:AE62) -> 0
AF63: =MAX(T63:AE63)-MIN(T63:AE63) -> 0
... AF67: =MAX(T67:AE67)-MIN(T67:AE67) -> 0

Sheet Informe nº6d
B2: INFORME | D2: =UPPER(REPORTS!$AB$2) -> ALTERED FLOW
B3: Nº 6d | D3: AVERAGE VALUES OF MONTHLY FLOW RATES DURATION CURVES
B5: NATURAL FLOW CODE (Abbreviation): | E5: =REPORTS!E7 -> Natural Flow (Nat_F)
B6: ALTERED FLOW CODE (Abbreviation): | E6: =REPORTS!E8 -> Altered Flow (Alt_F)
B7: DATE: | E7: 18/05/2026
D12: RESULTS
D14: ='Informe nº6d'!$E$42 -> MONTHLY RATED FLOW CURVES. ALTERED FLOW
D15: FLOW RATE (m3/s)
D16: EXCEEDANCE | E16: OCTOBER | F16: NOVEMBER | G16: DECEMBER | H16: JANUARY | I16: FEBRUARY | J16: MARCH | K16: APRIL | L16: MAY | M16: JUNE | N16: JULY | O16: AUGUST | P16: SEPTEMBER
D17: PERCENTILES (Weibull) | S17: Nº de orden | T17: OCTUBRE | U17: NOVIEMBRE | V17: DICIEMBRE | W17: ENERO | X17: FEBRERO | Y17: MARZO | Z17: ABRIL | AA17: MAYO | AB17: JUNIO | AC17: JULIO | AD17: AGOSTO | AE17: SEPTIEMBRE
D18: 5 | E18: =_xlfn.PERCENTILE.EXC(T$18:T$48,1-($D18/100)) -> 1.1599552 | F18: =_xlfn.PERCENTILE.EXC(U$18:U$48,1-($D18/100)) -> 2.4471905 | G18: =_xlfn.PERCENTILE.EXC(V$18:V$48,1-($D18/100)) -> 4.2454 | H18: =_xlfn.PERCENTILE.EXC(W$18:W$48,1-($D18/100)) -> 5.6672476 | I18: =_xlfn.PERCENTILE.EXC(X$18:X$48,1-($D18/100)) -> 6.1194166 | J18: =_xlfn.PERCENTILE.EXC(Y$18:Y$48,1-($D18/100)) -> 5.1412381 | K18: =_xlfn.PERCENTILE.EXC(Z$18:Z$48,1-($D18/100)) -> 3.5384524 | L18: =_xlfn.PERCENTILE.EXC(AA$18:AA$48,1-($D18/100)) -> 2.2453076 | ... P18: =_xlfn.PERCENTILE.EXC(AE$18:AE$48,1-($D18/100)) -> 0.13448369 | S18: 1 | T18: 1.2733809 | U18: 2.6100953 | V18: 4.4102857 | W18: 5.8310477 | X18: 6.2373809 | Y18: 5.2419524 | Z18: 3.6267143 | AA18: 2.3391048 | AB18: 0.45204286 | AC18: 0.16741667 | AD18: 0.10199952 | AE18: 0.14694381
D19: 10 | E19: =_xlfn.PERCENTILE.EXC(T$18:T$48,1-($D19/100)) -> 0.9416381 | F19: =_xlfn.PERCENTILE.EXC(U$18:U$48,1-($D19/100)) -> 2.1379286 | G19: =_xlfn.PERCENTILE.EXC(V$18:V$48,1-($D19/100)) -> 3.8914476 | H19: =_xlfn.PERCENTILE.EXC(W$18:W$48,1-($D19/100)) -> 5.3387333 | I19: =_xlfn.PERCENTILE.EXC(X$18:X$48,1-($D19/100)) -> 5.8425095 | J19: =_xlfn.PERCENTILE.EXC(Y$18:Y$48,1-($D19/100)) -> 4.8692952 | K19: =_xlfn.PERCENTILE.EXC(Z$18:Z$48,1-($D19/100)) -> 3.3341429 | L19: =_xlfn.PERCENTILE.EXC(AA$18:AA$48,1-($D19/100)) -> 2.0240133 | ... P19: =_xlfn.PERCENTILE.EXC(AE$18:AE$48,1-($D19/100)) -> 0.10938462 | S19: 2 | T19: 1.0843381 | U19: 2.3139048 | V19: 4.1354762 | W19: 5.5580476 | X19: 5.9752381 | Y19: 5.0740952 | Z19: 3.4662381 | AA19: 2.1827762 | AB19: 0.42860476 | AC19: 0.15896952 | AD19: 0.092098572 | AE19: 0.12428905
D20: 15 | E20: =_xlfn.PERCENTILE.EXC(T$18:T$48,1-($D20/100)) -> 0.86367238 | F20: =_xlfn.PERCENTILE.EXC(U$18:U$48,1-($D20/100)) -> 2.01855 | G20: =_xlfn.PERCENTILE.EXC(V$18:V$48,1-($D20/100)) -> 3.6596762 | H20: =_xlfn.PERCENTILE.EXC(W$18:W$48,1-($D20/100)) -> 5.1177429 | I20: =_xlfn.PERCENTILE.EXC(X$18:X$48,1-($D20/100)) -> 5.6871667 | J20: =_xlfn.PERCENTILE.EXC(Y$18:Y$48,1-($D20/100)) -> 4.5633143 | K20: =_xlfn.PERCENTILE.EXC(Z$18:Z$48,1-($D20/100)) -> 3.163719 | L20: =_xlfn.PERCENTILE.EXC(AA$18:AA$48,1-($D20/100)) -> 1.874699 | ... P20: =_xlfn.PERCENTILE.EXC(AE$18:AE$48,1-($D20/100)) -> 0.097495714 | S20: 3 | T20: 0.95458572 | U20: 2.1450952 | V20: 3.9275238 | W20: 5.3638571 | X20: 5.8277619 | Y20: 4.9018571 | Z20: 3.3459048 | AA20: 2.0453619 | AB20: 0.40568571 | AC20: 0.15282667 | AD20: 0.088110476 | AE20: 0.11023857
D21: 20 | E21: =_xlfn.PERCENTILE.EXC(T$18:T$48,1-($D21/100)) -> 0.76233142 | F21: =_xlfn.PERCENTILE.EXC(U$18:U$48,1-($D21/100)) -> 1.8880171 | G21: =_xlfn.PERCENTILE.EXC(V$18:V$48,1-($D21/100)) -> 3.4352286 | H21: =_xlfn.PERCENTILE.EXC(W$18:W$48,1-($D21/100)) -> 4.9155238 | I21: =_xlfn.PERCENTILE.EXC(X$18:X$48,1-($D21/100)) -> 5.5222572 | J21: =_xlfn.PERCENTILE.EXC(Y$18:Y$48,1-($D21/100)) -> 4.3361619 | K21: =_xlfn.PERCENTILE.EXC(Z$18:Z$48,1-($D21/100)) -> 3.0530191 | L21: =_xlfn.PERCENTILE.EXC(AA$18:AA$48,1-($D21/100)) -> 1.7423505 | ... P21: =_xlfn.PERCENTILE.EXC(AE$18:AE$48,1-($D21/100)) -> 0.087617334 | S21: 4 | T21: 0.88984762 | U21: 2.0734286 | V21: 3.7471428 | W21: 5.238238 | X21: 5.731 | Y21: 4.7390476 | Z21: 3.2282857 | AA21: 1.938619 | AB21: 0.38640952 | AC21: 0.14886952 | AD21: 0.085404286 | AE21: 0.10169905
D22: 25 | E22: =_xlfn.PERCENTILE.EXC(T$18:T$48,1-($D22/100)) -> 0.62584286 | F22: =_xlfn.PERCENTILE.EXC(U$18:U$48,1-($D22/100)) -> 1.7931917 | G22: =_xlfn.PERCENTILE.EXC(V$18:V$48,1-($D22/100)) -> 3.1844286 | H22: =_xlfn.PERCENTILE.EXC(W$18:W$48,1-($D22/100)) -> 4.7604762 | I22: =_xlfn.PERCENTILE.EXC(X$18:X$48,1-($D22/100)) -> 5.3940357 | J22: =_xlfn.PERCENTILE.EXC(Y$18:Y$48,1-($D22/100)) -> 4.1630476 | K22: =_xlfn.PERCENTILE.EXC(Z$18:Z$48,1-($D22/100)) -> 2.9187738 | L22: =_xlfn.PERCENTILE.EXC(AA$18:AA$48,1-($D22/100)) -> 1.628019 | ... P22: =_xlfn.PERCENTILE.EXC(AE$18:AE$48,1-($D22/100)) -> 0.079427381 | S22: 5 | T22: 0.85712857 | U22: 1.989 | V22: 3.6378095 | W22: 5.0876191 | X22: 5.6057618 | Y22: 4.5193809 | Z22: 3.1289524 | AA22: 1.858719 | AB22: 0.37306667 | AC22: 0.14545952 | AD22: 0.083955238 | AE22: 0.095232382
D23: 30 | E23: =_xlfn.PERCENTILE.EXC(T$18:T$48,1-($D23/100)) -> 0.52857524 | F23: =_xlfn.PERCENTILE.EXC(U$18:U$48,1-($D23/100)) -> 1.7134924 | G23: =_xlfn.PERCENTILE.EXC(V$18:V$48,1-($D23/100)) -> 3.0086095 | H23: =_xlfn.PERCENTILE.EXC(W$18:W$48,1-($D23/100)) -> 4.6524286 | I23: =_xlfn.PERCENTILE.EXC(X$18:X$48,1-($D23/100)) -> 5.2637952 | J23: =_xlfn.PERCENTILE.EXC(Y$18:Y$48,1-($D23/100)) -> 3.9713905 | K23: =_xlfn.PERCENTILE.EXC(Z$18:Z$48,1-($D23/100)) -> 2.7757 | L23: =_xlfn.PERCENTILE.EXC(AA$18:AA$48,1-($D23/100)) -> 1.5140676 | ... P23: =_xlfn.PERCENTILE.EXC(AE$18:AE$48,1-($D23/100)) -> 0.075524 | S23: 6 | T23: 0.78463809 | U23: 1.8991905 | V23: 3.5145238 | W23: 4.953619 | X23: 5.501381 | Y23: 4.3825238 | Z23: 3.0705714 | AA23: 1.7818762 | AB23: 0.35621428 | AC23: 0.1422681 | AD23: 0.082866191 | AE23: 0.08877
D24: 35 | E24: =_xlfn.PERCENTILE.EXC(T$18:T$48,1-($D24/100)) -> 0.43778495 | F24: =_xlfn.PERCENTILE.EXC(U$18:U$48,1-($D24/100)) -> 1.6341395 | G24: =_xlfn.PERCENTILE.EXC(V$18:V$48,1-($D24/100)) -> 2.8269333 | H24: =_xlfn.PERCENTILE.EXC(W$18:W$48,1-($D24/100)) -> 4.5033809 | I24: =_xlfn.PERCENTILE.EXC(X$18:X$48,1-($D24/100)) -> 5.151562 | J24: =_xlfn.PERCENTILE.EXC(Y$18:Y$48,1-($D24/100)) -> 3.814219 | K24: =_xlfn.PERCENTILE.EXC(Z$18:Z$48,1-($D24/100)) -> 2.6841976 | L24: =_xlfn.PERCENTILE.EXC(AA$18:AA$48,1-($D24/100)) -> 1.4036943 | ... P24: =_xlfn.PERCENTILE.EXC(AE$18:AE$48,1-($D24/100)) -> 0.071049833 | S24: 7 | T24: 0.72887142 | U24: 1.8433238 | V24: 3.3162857 | W24: 4.8583809 | X24: 5.4265714 | Y24: 4.2666191 | Z24: 2.9828095 | AA24: 1.6830619 | AB24: 0.33992857 | AC24: 0.13790286 | AD24: 0.081894286 | AE24: 0.083006667
D25: 40 | E25: =_xlfn.PERCENTILE.EXC(T$18:T$48,1-($D25/100)) -> 0.39510686 | F25: =_xlfn.PERCENTILE.EXC(U$18:U$48,1-($D25/100)) -> 1.545901 | G25: =_xlfn.PERCENTILE.EXC(V$18:V$48,1-($D25/100)) -> 2.7233143 | H25: =_xlfn.PERCENTILE.EXC(W$18:W$48,1-($D25/100)) -> 4.3471905 | I25: =_xlfn.PERCENTILE.EXC(X$18:X$48,1-($D25/100)) -> 5.0127524 | J25: =_xlfn.PERCENTILE.EXC(Y$18:Y$48,1-($D25/100)) -> 3.6770381 | K25: =_xlfn.PERCENTILE.EXC(Z$18:Z$48,1-($D25/100)) -> 2.5927809 | L25: =_xlfn.PERCENTILE.EXC(AA$18:AA$48,1-($D25/100)) -> 1.287161 | ... P25: =_xlfn.PERCENTILE.EXC(AE$18:AE$48,1-($D25/100)) -> 0.068575619 | S25: 8 | T25: 0.62584286 | U25: 1.776481 | V25: 3.1844286 | W25: 4.7604762 | X25: 5.2964286 | Y25: 4.1630476 | Z25: 2.8974286 | AA25: 1.628019 | AB25: 0.32515239 | AC25: 0.13571191 | AD25: 0.080813334 | AE25: 0.078234286
D26: 45 | E26: =_xlfn.PERCENTILE.EXC(T$18:T$48,1-($D26/100)) -> 0.32874324 | F26: =_xlfn.PERCENTILE.EXC(U$18:U$48,1-($D26/100)) -> 1.4835455 | G26: =_xlfn.PERCENTILE.EXC(V$18:V$48,1-($D26/100)) -> 2.5995143 | H26: =_xlfn.PERCENTILE.EXC(W$18:W$48,1-($D26/100)) -> 4.2022381 | I26: =_xlfn.PERCENTILE.EXC(X$18:X$48,1-($D26/100)) -> 4.889569 | J26: =_xlfn.PERCENTILE.EXC(Y$18:Y$48,1-($D26/100)) -> 3.5420381 | K26: =_xlfn.PERCENTILE.EXC(Z$18:Z$48,1-($D26/100)) -> 2.4858238 | L26: =_xlfn.PERCENTILE.EXC(AA$18:AA$48,1-($D26/100)) -> 1.1619105 | ... P26: =_xlfn.PERCENTILE.EXC(AE$18:AE$48,1-($D26/100)) -> 0.065127428 | S26: 9 | T26: 0.57589523 | U26: 1.7274095 | V26: 3.0609524 | W26: 4.7044286 | X26: 5.2498095 | Y26: 4.0564762 | Z26: 2.7895714 | AA26: 1.5532333 | AB26: 0.31611428 | AC26: 0.13272143 | AD26: 0.080223809 | AE26: 0.076357143
D27: 50 | E27: =_xlfn.PERCENTILE.EXC(T$18:T$48,1-($D27/100)) -> 0.27224381 | F27: =_xlfn.PERCENTILE.EXC(U$18:U$48,1-($D27/100)) -> 1.4138405 | G27: =_xlfn.PERCENTILE.EXC(V$18:V$48,1-($D27/100)) -> 2.4997619 | H27: =_xlfn.PERCENTILE.EXC(W$18:W$48,1-($D27/100)) -> 4.0648571 | I27: =_xlfn.PERCENTILE.EXC(X$18:X$48,1-($D27/100)) -> 4.7536429 | J27: =_xlfn.PERCENTILE.EXC(Y$18:Y$48,1-($D27/100)) -> 3.4189524 | K27: =_xlfn.PERCENTILE.EXC(Z$18:Z$48,1-($D27/100)) -> 2.3864048 | L27: =_xlfn.PERCENTILE.EXC(AA$18:AA$48,1-($D27/100)) -> 1.0564476 | ... P27: =_xlfn.PERCENTILE.EXC(AE$18:AE$48,1-($D27/100)) -> 0.062824524 | S27: 10 | T27: 0.49702857 | U27: 1.6810191 | V27: 2.9737143 | W27: 4.6177619 | X27: 5.165762 | Y27: 3.9146667 | Z27: 2.7433333 | AA27: 1.4879572 | AB27: 0.30491905 | AC27: 0.12963429 | AD27: 0.07916143 | AE27: 0.07358
D28: 55 | E28: =_xlfn.PERCENTILE.EXC(T$18:T$48,1-($D28/100)) -> 0.24162067 | F28: =_xlfn.PERCENTILE.EXC(U$18:U$48,1-($D28/100)) -> 1.3382233 | G28: =_xlfn.PERCENTILE.EXC(V$18:V$48,1-($D28/100)) -> 2.3618095 | H28: =_xlfn.PERCENTILE.EXC(W$18:W$48,1-($D28/100)) -> 3.9128667 | I28: =_xlfn.PERCENTILE.EXC(X$18:X$48,1-($D28/100)) -> 4.5996214 | J28: =_xlfn.PERCENTILE.EXC(Y$18:Y$48,1-($D28/100)) -> 3.3071429 | K28: =_xlfn.PERCENTILE.EXC(Z$18:Z$48,1-($D28/100)) -> 2.3056905 | L28: =_xlfn.PERCENTILE.EXC(AA$18:AA$48,1-($D28/100)) -> 0.96513048 | ... P28: =_xlfn.PERCENTILE.EXC(AE$18:AE$48,1-($D28/100)) -> 0.060586976 | S28: 11 | T28: 0.44211476 | U28: 1.6258667 | V28: 2.8394286 | W28: 4.5265714 | X28: 5.0710953 | Y28: 3.8349523 | Z28: 2.6737619 | AA28: 1.4167666 | AB28: 0.29446667 | AC28: 0.12608333 | AD28: 0.078256666 | AE28: 0.070603333
D29: 60 | E29: =_xlfn.PERCENTILE.EXC(T$18:T$48,1-($D29/100)) -> 0.21920886 | F29: =_xlfn.PERCENTILE.EXC(U$18:U$48,1-($D29/100)) -> 1.2471314 | G29: =_xlfn.PERCENTILE.EXC(V$18:V$48,1-($D29/100)) -> 2.268781 | H29: =_xlfn.PERCENTILE.EXC(W$18:W$48,1-($D29/100)) -> 3.7918762 | I29: =_xlfn.PERCENTILE.EXC(X$18:X$48,1-($D29/100)) -> 4.4694667 | J29: =_xlfn.PERCENTILE.EXC(Y$18:Y$48,1-($D29/100)) -> 3.199781 | K29: =_xlfn.PERCENTILE.EXC(Z$18:Z$48,1-($D29/100)) -> 2.1777438 | L29: =_xlfn.PERCENTILE.EXC(AA$18:AA$48,1-($D29/100)) -> 0.89055619 | ... P29: =_xlfn.PERCENTILE.EXC(AE$18:AE$48,1-($D29/100)) -> 0.059028857 | S29: 12 | T29: 0.42046571 | U29: 1.5686191 | V29: 2.7769524 | W29: 4.4106191 | X29: 4.9738571 | Y29: 3.7312857 | Z29: 2.6186667 | AA29: 1.3514048 | AB29: 0.28754286 | AC29: 0.12389333 | AD29: 0.077305238 | AE29: 0.068982857
... D36: 95 | E36: =_xlfn.PERCENTILE.EXC(T$18:T$48,1-($D36/100)) -> 0.057455428 | F36: =_xlfn.PERCENTILE.EXC(U$18:U$48,1-($D36/100)) -> 0.58581409 | G36: =_xlfn.PERCENTILE.EXC(V$18:V$48,1-($D36/100)) -> 1.3191314 | H36: =_xlfn.PERCENTILE.EXC(W$18:W$48,1-($D36/100)) -> 2.8539229 | I36: =_xlfn.PERCENTILE.EXC(X$18:X$48,1-($D36/100)) -> 3.4214452 | J36: =_xlfn.PERCENTILE.EXC(Y$18:Y$48,1-($D36/100)) -> 2.0711933 | K36: =_xlfn.PERCENTILE.EXC(Z$18:Z$48,1-($D36/100)) -> 1.513725 | L36: =_xlfn.PERCENTILE.EXC(AA$18:AA$48,1-($D36/100)) -> 0.49557142 | ... P36: =_xlfn.PERCENTILE.EXC(AE$18:AE$48,1-($D36/100)) -> 0.047183595 | S36: 19 | T36: 0.22216333 | U36: 1.2303809 | V36: 2.2849048 | W36: 3.8043333 | X36: 4.3419524 | Y36: 3.2177143 | Z36: 2.1434143 | AA36: 0.89938571 | AB36: 0.22975238 | AC36: 0.1086819 | AD36: 0.070937619 | AE36: 0.058637619
S37: 20 | T37: 0.20739095 | U37: 1.191319 | V37: 2.2042857 | W37: 3.7420476 | X37: 4.2612857 | Y37: 3.1280476 | Z37: 2.0765524 | AA37: 0.8552381 | AB37: 0.22142857 | AC37: 0.10654714 | AD37: 0.069491429 | AE37: 0.05756
S38: 21 | T38: 0.18132476 | U38: 1.1141048 | V38: 2.1397143 | W38: 3.6738571 | X38: 4.1641905 | Y38: 3.0310953 | Z38: 2.0259286 | AA38: 0.80733334 | AB38: 0.21528095 | AC38: 0.10448191 | AD38: 0.068575237 | AE38: 0.05641
S39: 22 | T39: 0.14747572 | U39: 1.0715048 | V39: 2.0849524 | W39: 3.5933809 | X39: 4.0859047 | Y39: 2.9571905 | Z39: 1.9792238 | AA39: 0.75569048 | AB39: 0.20764286 | AC39: 0.10266714 | AD39: 0.067785238 | AE39: 0.055496191
S40: 23 | T40: 0.13071286 | U40: 0.95481428 | V40: 1.9707714 | W40: 3.5086667 | X40: 4.0247143 | Y40: 2.8582381 | Z40: 1.9392143 | AA40: 0.71651906 | AB40: 0.20100476 | AC40: 0.1007881 | AD40: 0.06696619 | AE40: 0.054443809
S41: 24 | T41: 0.11248 | U41: 0.90973334 | V41: 1.8674571 | W41: 3.448 | X41: 3.9016191 | Y41: 2.7762857 | Z41: 1.8630857 | AA41: 0.6838 | AB41: 0.19368571 | AC41: 0.099200001 | AD41: 0.065968096 | AE41: 0.053468571
E42: =CONCATENATE("MONTHLY RATED FLOW CURVES. ",UPPER(REPORTS!$AB$2)) -> MONTHLY RATED FLOW CURVES. ALTERED FLOW | S42: 25 | T42: 0.093683333 | U42: 0.87874762 | V42: 1.8039095 | W42: 3.3805238 | X42: 3.784619 | Y42: 2.7185714 | Z42: 1.7906905 | AA42: 0.63929524 | AB42: 0.18874762 | AC42: 0.097572858 | AD42: 0.065065238 | AE42: 0.052416667
S43: 26 | T43: 0.086723809 | U43: 0.82914763 | V43: 1.7122857 | W43: 3.2747619 | X43: 3.6406667 | Y43: 2.6211524 | Z43: 1.7351905 | AA43: 0.60310953 | AB43: 0.18360476 | AC43: 0.095848095 | AD43: 0.06407 | AE43: 0.051403809
S44: 27 | T44: 0.081097618 | U44: 0.7742 | V44: 1.6370286 | W44: 3.1838572 | X44: 3.5142381 | Y44: 2.5126619 | Z44: 1.6681667 | AA44: 0.58098096 | AB44: 0.17723667 | AC44: 0.093835714 | AD44: 0.063269048 | AE44: 0.050193809
S45: 28 | T45: 0.07224238 | U45: 0.71110476 | V45: 1.5518095 | W45: 3.0968095 | X45: 3.3455238 | Y45: 2.3889286 | Z45: 1.6172952 | AA45: 0.55766667 | AB45: 0.17173381 | AC45: 0.092520001 | AD45: 0.062187619 | AE45: 0.049239524
S46: 29 | T46: 0.065116667 | U46: 0.62603809 | V46: 1.4447952 | W46: 3.017619 | Y46: 2.2627286 | Z46: 1.5396 | AA46: 0.5311 | AB46: 0.16626952 | AC46: 0.090640953 | AD46: 0.061358096 | AE46: 0.047886666
S47: 30 | T47: 0.060250476 | U47: 0.53665142 | V47: 1.3659809 | W47: 2.8963667 | Y47: 2.1184238 | Z47: 1.4821 | AA47: 0.50528571 | AB47: 0.16224428 | AC47: 0.089177619 | AD47: 0.060097143 | AE47: 0.046324286
S48: 31 | T48: 0.053262857 | V48: 1.2488571 | W48: 2.7902571 | Y48: 2.0003476 | AA48: 0.481 | AC48: 0.087876191 | AD48: 0.059273334

Sheet Informe nº6e
B2: REPORT | D2: =CONCATENATE(UPPER(REPORTS!$AB$1)," Y ",UPPER(REPORTS!$AB$2)) -> NATURAL FLOW Y ALTERED FLOW
B3: Nº 6e | D3: AVERAGE VALUES OF MONTHLY FLOW RATES DURATION CURVES
B5: NATURAL FLOW CODE (Abbreviation): | E5: =REPORTS!E7 -> Natural Flow (Nat_F)
B6: ALTERED FLOW CODE (Abbreviation): | E6: =REPORTS!E8 -> Altered Flow (Alt_F)
B7: DATE: | E7: 18/05/2026
D12: RESULTS
E15: OCTOBER | I15: NOVEMBER | M15: DECEMBER | Q15: JANUARY | U15: FEBRUARY | Y15: MARCH | AC15: APRIL | AG15: MAY | AK15: JUNE | AO15: JULY | AS15: AUGUST | AW15: SEPTEMBER
D16: EXCEEDANCE | E16: FLOW RATE (m3/s) | H16: EXCEEDANCE | I16: FLOW RATE (m3/s) | L16: EXCEEDANCE | M16: FLOW RATE (m3/s) | P16: EXCEEDANCE | Q16: FLOW RATE (m3/s) | T16: EXCEEDANCE | U16: FLOW RATE (m3/s) | X16: EXCEEDANCE | Y16: FLOW RATE (m3/s) | AB16: EXCEEDANCE | AC16: FLOW RATE (m3/s) | AF16: EXCEEDANCE | AG16: FLOW RATE (m3/s) | AJ16: EXCEEDANCE | AK16: FLOW RATE (m3/s) | AN16: EXCEEDANCE | AO16: FLOW RATE (m3/s) | AR16: EXCEEDANCE | AS16: FLOW RATE (m3/s) | AV16: EXCEEDANCE | AW16: FLOW RATE (m3/s)
D17: PERCENTILES (Weibull) | E17: =UPPER(REPORTS!$AA$1) -> NAT_F | F17: =UPPER(REPORTS!$AA$2) -> ALT_F | H17: PERCENTILES (Weibull) | I17: =UPPER(REPORTS!$AA$1) -> NAT_F | J17: =UPPER(REPORTS!$AA$2) -> ALT_F | L17: PERCENTILES (Weibull) | M17: =UPPER(REPORTS!$AA$1) -> NAT_F | N17: =UPPER(REPORTS!$AA$2) -> ALT_F | P17: PERCENTILES (Weibull) | Q17: =UPPER(REPORTS!$AA$1) -> NAT_F | R17: =UPPER(REPORTS!$AA$2) -> ALT_F | T17: PERCENTILES (Weibull) | U17: =UPPER(REPORTS!$AA$1) -> NAT_F | V17: =UPPER(REPORTS!$AA$2) -> ALT_F | X17: PERCENTILES (Weibull) | Y17: =UPPER(REPORTS!$AA$1) -> NAT_F | Z17: =UPPER(REPORTS!$AA$2) -> ALT_F | AB17: PERCENTILES (Weibull) | AC17: =UPPER(REPORTS!$AA$1) -> NAT_F | AD17: =UPPER(REPORTS!$AA$2) -> ALT_F | AF17: PERCENTILES (Weibull) | AG17: =UPPER(REPORTS!$AA$1) -> NAT_F | AH17: =UPPER(REPORTS!$AA$2) -> ALT_F | AJ17: PERCENTILES (Weibull) | AK17: =UPPER(REPORTS!$AA$1) -> NAT_F | AL17: =UPPER(REPORTS!$AA$2) -> ALT_F | AN17: PERCENTILES (Weibull) | AO17: =UPPER(REPORTS!$AA$1) -> NAT_F | AP17: =UPPER(REPORTS!$AA$2) -> ALT_F | AR17: PERCENTILES (Weibull) | AS17: =UPPER(REPORTS!$AA$1) -> NAT_F | AT17: =UPPER(REPORTS!$AA$2) -> ALT_F | AV17: PERCENTILES (Weibull) | AW17: =UPPER(REPORTS!$AA$1) -> NAT_F | AX17: =UPPER(REPORTS!$AA$2) -> ALT_F
D18: 5 | E18: ='Informe nº6c'!E18 -> 2.1101619 | F18: ='Informe nº6d'!E18 -> 1.1599552 | H18: 5 | I18: ='Informe nº6c'!F18 -> 4.6877476 | J18: ='Informe nº6d'!F18 -> 2.4471905 | L18: 5 | M18: ='Informe nº6c'!G18 -> 7.6451619 | N18: ='Informe nº6d'!G18 -> 4.2454 | P18: 5 | Q18: ='Informe nº6c'!H18 -> 7.1677047 | R18: ='Informe nº6d'!H18 -> 5.6672476 | T18: 5 | U18: ='Informe nº6c'!I18 -> 6.0750905 | V18: ='Informe nº6d'!I18 -> 6.1194166 | X18: 5 | Y18: ='Informe nº6c'!J18 -> 5.5898762 | Z18: ='Informe nº6d'!J18 -> 5.1412381 | AB18: 5 | AC18: ='Informe nº6c'!K18 -> 6.491181 | AD18: ='Informe nº6d'!K18 -> 3.5384524 | AF18: 5 | AG18: ='Informe nº6c'!L18 -> 6.7139238 | AH18: ='Informe nº6d'!L18 -> 2.2453076 | AJ18: 5 | AK18: ='Informe nº6c'!M18 -> 3.9266119 | AL18: ='Informe nº6d'!M18 -> 0.4391519 | AN18: 5 | AO18: ='Informe nº6c'!N18 -> 0.73829238 | AP18: ='Informe nº6d'!N18 -> 0.16234838 | AR18: 5 | AS18: ='Informe nº6c'!O18 -> 0.24842572 | AT18: ='Informe nº6d'!O18 -> 0.096058953 | AV18: 5 | AW18: ='Informe nº6c'!P18 -> 0.55967952 | AX18: ='Informe nº6d'!P18 -> 0.13448369
D19: 10 | E19: ='Informe nº6c'!E19 -> 1.9420724 | F19: ='Informe nº6d'!E19 -> 0.9416381 | H19: 10 | I19: ='Informe nº6c'!F19 -> 4.3405381 | J19: ='Informe nº6d'!F19 -> 2.1379286 | L19: 10 | M19: ='Informe nº6c'!G19 -> 7.2930286 | N19: ='Informe nº6d'!G19 -> 3.8914476 | P19: 10 | Q19: ='Informe nº6c'!H19 -> 6.8262 | R19: ='Informe nº6d'!H19 -> 5.3387333 | T19: 10 | U19: ='Informe nº6c'!I19 -> 5.8311 | V19: ='Informe nº6d'!I19 -> 5.8425095 | X19: 10 | Y19: ='Informe nº6c'!J19 -> 5.3337143 | Z19: ='Informe nº6d'!J19 -> 4.8692952 | AB19: 10 | AC19: ='Informe nº6c'!K19 -> 6.2202429 | AD19: ='Informe nº6d'!K19 -> 3.3341429 | AF19: 10 | AG19: ='Informe nº6c'!L19 -> 6.4837047 | AH19: ='Informe nº6d'!L19 -> 2.0240133 | AJ19: 10 | AK19: ='Informe nº6c'!M19 -> 3.5849619 | AL19: ='Informe nº6d'!M19 -> 0.40375809 | AN19: 10 | AO19: ='Informe nº6c'!N19 -> 0.68369715 | AP19: ='Informe nº6d'!N19 -> 0.15203524 | AR19: 10 | AS19: ='Informe nº6c'!O19 -> 0.23702762 | AT19: ='Informe nº6d'!O19 -> 0.087569238 | AV19: 10 | AW19: ='Informe nº6c'!P19 -> 0.48073476 | AX19: ='Informe nº6d'!P19 -> 0.10938462
D20: 15 | E20: ='Informe nº6c'!E20 -> 1.8017029 | F20: ='Informe nº6d'!E20 -> 0.86367238 | H20: 15 | I20: ='Informe nº6c'!F20 -> 4.06555 | J20: ='Informe nº6d'!F20 -> 2.01855 | L20: 15 | M20: ='Informe nº6c'!G20 -> 6.9550857 | N20: ='Informe nº6d'!G20 -> 3.6596762 | P20: 15 | Q20: ='Informe nº6c'!H20 -> 6.6003714 | R20: ='Informe nº6d'!H20 -> 5.1177429 | T20: 15 | U20: ='Informe nº6c'!I20 -> 5.619569 | V20: ='Informe nº6d'!I20 -> 5.6871667 | X20: 15 | Y20: ='Informe nº6c'!J20 -> 5.1118095 | Z20: ='Informe nº6d'!J20 -> 4.5633143 | AB20: 15 | AC20: ='Informe nº6c'!K20 -> 6.0155691 | AD20: ='Informe nº6d'!K20 -> 3.163719 | AF20: 15 | AG20: ='Informe nº6c'!L20 -> 6.2480476 | AH20: ='Informe nº6d'!L20 -> 1.874699 | AJ20: 15 | AK20: ='Informe nº6c'!M20 -> 3.3211691 | AL20: ='Informe nº6d'!M20 -> 0.37773667 | AN20: 15 | AO20: ='Informe nº6c'!N20 -> 0.6402419 | AP20: ='Informe nº6d'!N20 -> 0.14614152 | AR20: 15 | AS20: ='Informe nº6c'!O20 -> 0.22813238 | AT20: ='Informe nº6d'!O20 -> 0.084245047 | AV20: 15 | AW20: ='Informe nº6c'!P20 -> 0.39870095 | AX20: ='Informe nº6d'!P20 -> 0.097495714
D21: 20 | E21: ='Informe nº6c'!E21 -> 1.6730876 | F21: ='Informe nº6d'!E21 -> 0.76233142 | H21: 20 | I21: ='Informe nº6c'!F21 -> 3.8862381 | J21: ='Informe nº6d'!F21 -> 1.8880171 | L21: 20 | M21: ='Informe nº6c'!G21 -> 6.7596666 | N21: ='Informe nº6d'!G21 -> 3.4352286 | P21: 20 | Q21: ='Informe nº6c'!H21 -> 6.4274952 | R21: ='Informe nº6d'!H21 -> 4.9155238 | T21: 20 | U21: ='Informe nº6c'!I21 -> 5.5137524 | V21: ='Informe nº6d'!I21 -> 5.5222572 | X21: 20 | Y21: ='Informe nº6c'!J21 -> 4.9668762 | Z21: ='Informe nº6d'!J21 -> 4.3361619 | AB21: 20 | AC21: ='Informe nº6c'!K21 -> 5.8469809 | AD21: ='Informe nº6d'!K21 -> 3.0530191 | AF21: 20 | AG21: ='Informe nº6c'!L21 -> 6.0276667 | AH21: ='Informe nº6d'!L21 -> 1.7423505 | AJ21: 20 | AK21: ='Informe nº6c'!M21 -> 3.0773524 | AL21: ='Informe nº6d'!M21 -> 0.35295714 | AN21: 20 | AO21: ='Informe nº6c'!N21 -> 0.60010286 | AP21: ='Informe nº6d'!N21 -> 0.140522 | AR21: 20 | AS21: ='Informe nº6c'!O21 -> 0.22050571 | AT21: ='Informe nº6d'!O21 -> 0.082477429 | AV21: 20 | AW21: ='Informe nº6c'!P21 -> 0.34162381 | AX21: ='Informe nº6d'!P21 -> 0.087617334
D22: 25 | E22: ='Informe nº6c'!E22 -> 1.5583381 | F22: ='Informe nº6d'!E22 -> 0.62584286 | H22: 25 | I22: ='Informe nº6c'!F22 -> 3.7224048 | J22: ='Informe nº6d'!F22 -> 1.7931917 | L22: 25 | M22: ='Informe nº6c'!G22 -> 6.4722858 | N22: ='Informe nº6d'!G22 -> 3.1844286 | P22: 25 | Q22: ='Informe nº6c'!H22 -> 6.2127619 | R22: ='Informe nº6d'!H22 -> 4.7604762 | T22: 25 | U22: ='Informe nº6c'!I22 -> 5.3353096 | V22: ='Informe nº6d'!I22 -> 5.3940357 | X22: 25 | Y22: ='Informe nº6c'!J22 -> 4.8526666 | Z22: ='Informe nº6d'!J22 -> 4.1630476 | AB22: 25 | AC22: ='Informe nº6c'!K22 -> 5.6572738 | AD22: ='Informe nº6d'!K22 -> 2.9187738 | AF22: 25 | AG22: ='Informe nº6c'!L22 -> 5.8173334 | AH22: ='Informe nº6d'!L22 -> 1.628019 | AJ22: 25 | AK22: ='Informe nº6c'!M22 -> 2.83425 | AL22: ='Informe nº6d'!M22 -> 0.32884643 | AN22: 25 | AO22: ='Informe nº6c'!N22 -> 0.55804762 | AP22: ='Informe nº6d'!N22 -> 0.13571191 | AR22: 25 | AS22: ='Informe nº6c'!O22 -> 0.21312857 | AT22: ='Informe nº6d'!O22 -> 0.080813334 | AV22: 25 | AW22: ='Informe nº6c'!P22 -> 0.30160119 | AX22: ='Informe nº6d'!P22 -> 0.079427381
D23: 30 | E23: ='Informe nº6c'!E23 -> 1.4657381 | F23: ='Informe nº6d'!E23 -> 0.52857524 | H23: 30 | I23: ='Informe nº6c'!F23 -> 3.5645047 | J23: ='Informe nº6d'!F23 -> 1.7134924 | L23: 30 | M23: ='Informe nº6c'!G23 -> 6.3162476 | N23: ='Informe nº6d'!G23 -> 3.0086095 | P23: 30 | Q23: ='Informe nº6c'!H23 -> 6.027019 | R23: ='Informe nº6d'!H23 -> 4.6524286 | T23: 30 | U23: ='Informe nº6c'!I23 -> 5.1963857 | V23: ='Informe nº6d'!I23 -> 5.2637952 | X23: 30 | Y23: ='Informe nº6c'!J23 -> 4.7447714 | Z23: ='Informe nº6d'!J23 -> 3.9713905 | AB23: 30 | AC23: ='Informe nº6c'!K23 -> 5.4911476 | AD23: ='Informe nº6d'!K23 -> 2.7757 | AF23: 30 | AG23: ='Informe nº6c'!L23 -> 5.6670857 | AH23: ='Informe nº6d'!L23 -> 1.5140676 | AJ23: 30 | AK23: ='Informe nº6c'!M23 -> 2.5767524 | AL23: ='Informe nº6d'!M23 -> 0.31275571 | AN23: 30 | AO23: ='Informe nº6c'!N23 -> 0.52515524 | AP23: ='Informe nº6d'!N23 -> 0.13086914 | AR23: 30 | AS23: ='Informe nº6c'!O23 -> 0.20574095 | AT23: ='Informe nº6d'!O23 -> 0.079586381 | AV23: 30 | AW23: ='Informe nº6c'!P23 -> 0.26321809 | AX23: ='Informe nº6d'!P23 -> 0.075524
D24: 35 | E24: ='Informe nº6c'!E24 -> 1.3786 | F24: ='Informe nº6d'!E24 -> 0.43778495 | H24: 35 | I24: ='Informe nº6c'!F24 -> 3.4608929 | J24: ='Informe nº6d'!F24 -> 1.6341395 | L24: 35 | M24: ='Informe nº6c'!G24 -> 6.1113809 | N24: ='Informe nº6d'!G24 -> 2.8269333 | P24: 35 | Q24: ='Informe nº6c'!H24 -> 5.8161714 | R24: ='Informe nº6d'!H24 -> 4.5033809 | T24: 35 | U24: ='Informe nº6c'!I24 -> 5.1008667 | V24: ='Informe nº6d'!I24 -> 5.151562 | X24: 35 | Y24: ='Informe nº6c'!J24 -> 4.6624476 | Z24: ='Informe nº6d'!J24 -> 3.814219 | AB24: 35 | AC24: ='Informe nº6c'!K24 -> 5.3686833 | AD24: ='Informe nº6d'!K24 -> 2.6841976 | AF24: 35 | AG24: ='Informe nº6c'!L24 -> 5.496 | AH24: ='Informe nº6d'!L24 -> 1.4036943 | AJ24: 35 | AK24: ='Informe nº6c'!M24 -> 2.3532071 | AL24: ='Informe nº6d'!M24 -> 0.29603452 | AN24: 35 | AO24: ='Informe nº6c'!N24 -> 0.49522381 | AP24: ='Informe nº6d'!N24 -> 0.12564533 | AR24: 35 | AS24: ='Informe nº6c'!O24 -> 0.2001581 | AT24: ='Informe nº6d'!O24 -> 0.078066381 | AV24: 35 | AW24: ='Informe nº6c'!P24 -> 0.23916024 | AX24: ='Informe nº6d'!P24 -> 0.071049833
D25: 40 | E25: ='Informe nº6c'!E25 -> 1.28892 | F25: ='Informe nº6d'!E25 -> 0.39510686 | H25: 40 | I25: ='Informe nº6c'!F25 -> 3.3260571 | J25: ='Informe nº6d'!F25 -> 1.545901 | L25: 40 | M25: ='Informe nº6c'!G25 -> 5.8796095 | N25: ='Informe nº6d'!G25 -> 2.7233143 | P25: 40 | Q25: ='Informe nº6c'!H25 -> 5.6284762 | R25: ='Informe nº6d'!H25 -> 4.3471905 | T25: 40 | U25: ='Informe nº6c'!I25 -> 4.9981809 | V25: ='Informe nº6d'!I25 -> 5.0127524 | X25: 40 | Y25: ='Informe nº6c'!J25 -> 4.580581 | Z25: ='Informe nº6d'!J25 -> 3.6770381 | AB25: 40 | AC25: ='Informe nº6c'!K25 -> 5.2478667 | AD25: ='Informe nº6d'!K25 -> 2.5927809 | AF25: 40 | AG25: ='Informe nº6c'!L25 -> 5.3770666 | AH25: ='Informe nº6d'!L25 -> 1.287161 | AJ25: 40 | AK25: ='Informe nº6c'!M25 -> 2.1581238 | AL25: ='Informe nº6d'!M25 -> 0.28324191 | AN25: 40 | AO25: ='Informe nº6c'!N25 -> 0.46536476 | AP25: ='Informe nº6d'!N25 -> 0.12164457 | AR25: 40 | AS25: ='Informe nº6c'!O25 -> 0.19543429 | AT25: ='Informe nº6d'!O25 -> 0.07690562 | AV25: 40 | AW25: ='Informe nº6c'!P25 -> 0.21570286 | AX25: ='Informe nº6d'!P25 -> 0.068575619
D26: 45 | E26: ='Informe nº6c'!E26 -> 1.2042562 | F26: ='Informe nº6d'!E26 -> 0.32874324 | H26: 45 | I26: ='Informe nº6c'!F26 -> 3.1669762 | J26: ='Informe nº6d'!F26 -> 1.4835455 | L26: 45 | M26: ='Informe nº6c'!G26 -> 5.6603047 | N26: ='Informe nº6d'!G26 -> 2.5995143 | P26: 45 | Q26: ='Informe nº6c'!H26 -> 5.4215429 | R26: ='Informe nº6d'!H26 -> 4.2022381 | T26: 45 | U26: ='Informe nº6c'!I26 -> 4.8864238 | V26: ='Informe nº6d'!I26 -> 4.889569 | X26: 45 | Y26: ='Informe nº6c'!J26 -> 4.4899333 | Z26: ='Informe nº6d'!J26 -> 3.5420381 | AB26: 45 | AC26: ='Informe nº6c'!K26 -> 5.1220595 | AD26: ='Informe nº6d'!K26 -> 2.4858238 | AF26: 45 | AG26: ='Informe nº6c'!L26 -> 5.2254095 | AH26: ='Informe nº6d'!L26 -> 1.1619105 | AJ26: 45 | AK26: ='Informe nº6c'!M26 -> 1.9609119 | AL26: ='Informe nº6d'!M26 -> 0.26842143 | AN26: 45 | AO26: ='Informe nº6c'!N26 -> 0.43874286 | AP26: ='Informe nº6d'!N26 -> 0.11786762 | AR26: 45 | AS26: ='Informe nº6c'!O26 -> 0.19066476 | AT26: ='Informe nº6d'!O26 -> 0.075272857 | AV26: 45 | AW26: ='Informe nº6c'!P26 -> 0.20111833 | AX26: ='Informe nº6d'!P26 -> 0.065127428
D27: 50 | E27: ='Informe nº6c'!E27 -> 1.1168143 | F27: ='Informe nº6d'!E27 -> 0.27224381 | H27: 50 | I27: ='Informe nº6c'!F27 -> 2.9638095 | J27: ='Informe nº6d'!F27 -> 1.4138405 | L27: 50 | M27: ='Informe nº6c'!G27 -> 5.4275238 | N27: ='Informe nº6d'!G27 -> 2.4997619 | P27: 50 | Q27: ='Informe nº6c'!H27 -> 5.2772381 | R27: ='Informe nº6d'!H27 -> 4.0648571 | T27: 50 | U27: ='Informe nº6c'!I27 -> 4.7661666 | V27: ='Informe nº6d'!I27 -> 4.7536429 | X27: 50 | Y27: ='Informe nº6c'!J27 -> 4.3769524 | Z27: ='Informe nº6d'!J27 -> 3.4189524 | AB27: 50 | AC27: ='Informe nº6c'!K27 -> 4.9635238 | AD27: ='Informe nº6d'!K27 -> 2.3864048 | AF27: 50 | AG27: ='Informe nº6c'!L27 -> 5.0698571 | AH27: ='Informe nº6d'!L27 -> 1.0564476 | AJ27: 50 | AK27: ='Informe nº6c'!M27 -> 1.7881905 | AL27: ='Informe nº6d'!M27 -> 0.25680476 | AN27: 50 | AO27: ='Informe nº6c'!N27 -> 0.41761905 | AP27: ='Informe nº6d'!N27 -> 0.11470952 | AR27: 50 | AS27: ='Informe nº6c'!O27 -> 0.1866381 | AT27: ='Informe nº6d'!O27 -> 0.073476667 | AV27: 50 | AW27: ='Informe nº6c'!P27 -> 0.18675 | AX27: ='Informe nº6d'!P27 -> 0.062824524
D28: 55 | E28: ='Informe nº6c'!E28 -> 1.0292429 | F28: ='Informe nº6d'!E28 -> 0.24162067 | H28: 55 | I28: ='Informe nº6c'!F28 -> 2.7749238 | J28: ='Informe nº6d'!F28 -> 1.3382233 | L28: 55 | M28: ='Informe nº6c'!G28 -> 5.2173524 | N28: ='Informe nº6d'!G28 -> 2.3618095 | P28: 55 | Q28: ='Informe nº6c'!H28 -> 5.1458476 | R28: ='Informe nº6d'!H28 -> 3.9128667 | T28: 55 | U28: ='Informe nº6c'!I28 -> 4.63745 | V28: ='Informe nº6d'!I28 -> 4.5996214 | X28: 55 | Y28: ='Informe nº6c'!J28 -> 4.2751905 | Z28: ='Informe nº6d'!J28 -> 3.3071429 | AB28: 55 | AC28: ='Informe nº6c'!K28 -> 4.8296167 | AD28: ='Informe nº6d'!K28 -> 2.3056905 | AF28: 55 | AG28: ='Informe nº6c'!L28 -> 4.952181 | AH28: ='Informe nº6d'!L28 -> 0.96513048 | AJ28: 55 | AK28: ='Informe nº6c'!M28 -> 1.6276021 | AL28: ='Informe nº6d'!M28 -> 0.24436666 | AN28: 55 | AO28: ='Informe nº6c'!N28 -> 0.39219333 | AP28: ='Informe nº6d'!N28 -> 0.11150705 | AR28: 55 | AS28: ='Informe nº6c'!O28 -> 0.18093238 | AT28: ='Informe nº6d'!O28 -> 0.07220619 | AV28: 55 | AW28: ='Informe nº6c'!P28 -> 0.17247786 | AX28: ='Informe nº6d'!P28 -> 0.060586976
D29: 60 | E29: ='Informe nº6c'!E29 -> 0.9353381 | F29: ='Informe nº6d'!E29 -> 0.21920886 | H29: 60 | I29: ='Informe nº6c'!F29 -> 2.5650362 | J29: ='Informe nº6d'!F29 -> 1.2471314 | L29: 60 | M29: ='Informe nº6c'!G29 -> 5.0741428 | N29: ='Informe nº6d'!G29 -> 2.268781 | P29: 60 | Q29: ='Informe nº6c'!H29 -> 4.9962095 | R29: ='Informe nº6d'!H29 -> 3.7918762 | T29: 60 | U29: ='Informe nº6c'!I29 -> 4.5162666 | V29: ='Informe nº6d'!I29 -> 4.4694667 | X29: 60 | Y29: ='Informe nº6c'!J29 -> 4.1977429 | Z29: ='Informe nº6d'!J29 -> 3.199781 | AB29: 60 | AC29: ='Informe nº6c'!K29 -> 4.7423619 | AD29: ='Informe nº6d'!K29 -> 2.1777438 | AF29: 60 | AG29: ='Informe nº6c'!L29 -> 4.7574857 | AH29: ='Informe nº6d'!L29 -> 0.89055619 | AJ29: 60 | AK29: ='Informe nº6c'!M29 -> 1.4793533 | AL29: ='Informe nº6d'!M29 -> 0.23368 | AN29: 60 | AO29: ='Informe nº6c'!N29 -> 0.37119619 | AP29: ='Informe nº6d'!N29 -> 0.10825495 | AR29: 60 | AS29: ='Informe nº6c'!O29 -> 0.17412 | AT29: ='Informe nº6d'!O29 -> 0.070648381 | AV29: 60 | AW29: ='Informe nº6c'!P29 -> 0.16091429 | AX29: ='Informe nº6d'!P29 -> 0.059028857
... D36: 95 | E36: ='Informe nº6c'!E36 -> 0.42606381 | F36: ='Informe nº6d'!E36 -> 0.057455428 | H36: 95 | I36: ='Informe nº6c'!F36 -> 1.2889074 | J36: ='Informe nº6d'!F36 -> 0.58581409 | L36: 95 | M36: ='Informe nº6c'!G36 -> 3.5973905 | N36: ='Informe nº6d'!G36 -> 1.3191314 | P36: 95 | Q36: ='Informe nº6c'!H36 -> 4.1227048 | R36: ='Informe nº6d'!H36 -> 2.8539229 | T36: 95 | U36: ='Informe nº6c'!I36 -> 3.8019119 | V36: ='Informe nº6d'!I36 -> 3.4214452 | X36: 95 | Y36: ='Informe nº6c'!J36 -> 3.4347905 | Z36: ='Informe nº6d'!J36 -> 2.0711933 | AB36: 95 | AC36: ='Informe nº6c'!K36 -> 3.6281524 | AD36: ='Informe nº6d'!K36 -> 1.513725 | AF36: 95 | AG36: ='Informe nº6c'!L36 -> 3.6286857 | AH36: ='Informe nº6d'!L36 -> 0.49557142 | AJ36: 95 | AK36: ='Informe nº6c'!M36 -> 0.8168781 | AL36: ='Informe nº6d'!M36 -> 0.16445817 | AN36: 95 | AO36: ='Informe nº6c'!N36 -> 0.25613714 | AP36: ='Informe nº6d'!N36 -> 0.088657048 | AR36: 95 | AS36: ='Informe nº6c'!O36 -> 0.14354857 | AT36: ='Informe nº6d'!O36 -> 0.059767619 | AV36: 95 | AW36: ='Informe nº6c'!P36 -> 0.11807862 | AX36: ='Informe nº6d'!P36 -> 0.047183595

Sheet Informe nº 7c
B2: REPORT | D2: =UPPER(REPORTS!$AB$2) -> ALTERED FLOW
B3: Nº 7c | D3: INDICATOR OF HYDROLOGICAL ALTERATION: HABITUAL VALUES (non contemporaneus data)
B5: NATURAL FLOW CODE (Abbreviation): | E5: =REPORTS!E7 -> Natural Flow (Nat_F)
B6: ALTERED FLOW CODE (Abbreviation): | E6: =REPORTS!E8 -> Altered Flow (Alt_F)
B7: DATE: | E7: 18/05/2026
B12: RESULTS
B15: ASPECT | D15: INDICATORS OF HYDROLOGIC ALTERATION (IAH) | I15: LEVEL I | J15: LEVEL II | K15: LEVEL III | L15: LEVEL IV | M15: LEVEL V
D16: VALUE | F16: CODE | G16: DESCRIPTION | I16: 0,8< I ≤1 | J16: 0,6< I ≤0,8 | K16: 0,4< I ≤0,6 | L16: 0,2< I ≤0,4 | M16: 0≤ I ≤0,2 | N16: =UPPER(REPORTS!$AA$1) -> NAT_F | O16: =UPPER(REPORTS!$AA$2) -> ALT_F
B17: HABITUAL DATA | C17: magnitude | D17: 0.55761576 | F17: M1 | G17: Magnitude of the annual volumes | N17: 1
D18: 0.47033209 | F18: M2 | G18: Magnitude of the monthly volumes | N18: 1
C19: variability | D19: 0.74218345 | F19: V1 | G19: Variability of the annual volumes | N19: 1
D20: 0.5516957 | E20: * | F20: V2 | G20: Variabilityof the monthly volumes | N20: 1
D21: 0.78627479 | F21: V4 | G21: Extreme variability | N21: 1
C22: seasonality | D22: 0.83333331 | F22: S1 | G22: Seasonality of maximum values | N22: 1
D23: 0.83333331 | F23: S2 | G23: Seasonality of minimum values | N23: 1
B24: * Inverse ** Indeterminate *** Inverse and Indeterminate # Cannot be calculated
B26: ASPECT | D26: MONTH | F26: INDICATOR M3 MAGNITUDE OF THE MONTH CONTRIBUTION | H26: INDICATOR V3 VARIABILITY OF THE MONTH CONTRIBUTION
B29: HABITUAL DATA magnitude and variability | D29: Jan | F29: 0.75833058 | H29: 0.78272331 | I29: * | J29: 1
D30: Feb | F30: 0.98561954 | H30: 0.5008955 | I30: * | J30: 1
D31: Mar | F31: 0.79169726 | H31: 0.93323439 | I31: * | J31: 1
D32: Apr | F32: 0.48390672 | H32: 0.96674985 | I32: * | J32: 1
D33: May | F33: 0.23092541 | H33: 0.56681097 | J33: 1
D34: Jun | F34: 0.13467923 | H34: 0.26222157 | J34: 1
D35: Jul | F35: 0.26545462 | H35: 0.39453799 | J35: 1
D36: Aug | F36: 0.39351627 | H36: 0.61413181 | J36: 1
D37: Sep | F37: 0.29920623 | H37: 0.26230979 | J37: 1
D38: Oct | F38: 0.34487864 | H38: 0.55343002 | J38: 1
D39: Nov | F39: 0.4876883 | H39: 0.30696839 | J39: 1
D40: Dec | F40: 0.46808207 | H40: 0.4763346 | J40: 1
B41: * Inverse ** Indeterminate *** Inverse and Indeterminate # Cannot be calculated
B43: 1
B44: INDICATORS OF GLOBAL ALTERATION (IAG) | I44: LEVEL I | J44: LEVEL II | K44: LEVEL III | L44: LEVEL IV | M44: LEVEL V
B45: ASPECT | G45: VALUE | H45: CODE | I45: 0,64< I ≤1 | J45: 0,36< I ≤0,64 | K45: 0,16< I ≤0,36 | L45: 0,04< I ≤0,16 | M45: 0≤ I ≤0,04
B46: HABITUAL VALUES (M1, M2, V1, V2, V4, E1, E2) | G46: 0.46199867 | H46: IAGH

Sheet Informe nº 7d
B2: REPORT | D2: =UPPER(REPORTS!$AB$2) -> ALTERED FLOW
B3: Nº 7d | D3: INDICATORS OF HYDROLOGIC ALTERATION: FLOODS AND DROUGHTS
B5: NATURAL FLOW CODE (Abbreviation): | E5: =REPORTS!E7 -> Natural Flow (Nat_F)
B6: ALTERED FLOW CODE (Abbreviation): | E6: =REPORTS!E8 -> Altered Flow (Alt_F)
B7: DATE: | E7: 18/05/2026
B12: RESULTS
B15: ASPECT | D15: INDICATORS OF HYDROLOGIC ALTERATION (IAH) | I15: LEVEL I | J15: LEVEL II | K15: LEVEL III | L15: LEVEL IV | M15: LEVEL V
D16: VALUE | F16: CODE | G16: DESCRIPTION | I16: 0,8< I ≤1 | J16: 0,6< I ≤0,8 | K16: 0,4< I ≤0,6 | L16: 0,2< I ≤0,4 | M16: 0≤ I ≤0,2
B17: FLOODS | C17: magnitude | D17: 0.80138046 | F17: IAH7 | G17: Magnitude of the maximun floods
D18: 0.91661876 | F18: IAH8 | G18: Magnitude of the effective discharge
D19: 0.25758386 | E19: * | F19: IAH9 | G19: Frecuency of the connectivity discharge
D20: 0.76355481 | F20: IAH10 | G20: Magnitude of the flushing flood
C21: variability | D21: 0.685579 | E21: * | F21: IAH11 | G21: Variability of the maximum floods
D22: 0.67962998 | E22: * | F22: IAH12 | G22: Variability of the flushing floods
C23: duration | D23: 0.28372091 | F23: IAH13 | G23: Floods duration
C24: seasonality | D24: 0.7198413 | F24: IAH14 | G24: Floods seasonality
B25: DROUGHTS | C25: magnitude | D25: 0.38417032 | F25: IAH15 | G25: Magnitude of the extreme droughts
D26: 0.38288885 | F26: IAH16 | G26: Magnitude of the habitual droughts
C27: variability | D27: 0.63478875 | E27: * | F27: IAH17 | G27: Variability of the extreme droughts
D28: 0.65613139 | E28: * | F28: IAH18 | G28: Variability of the habitual droughts
C29: duration | D29: 0.11493073 | E29: * | F29: IAH19 | G29: Droughts duration
D30: 1 | F30: IAH20 | G30: Nº of days with null discharge
C31: seasonality | D31: 0.58492059 | F31: IAH21 | G31: Droughts seasonality
B32: * Inverse ** Indeterminate *** Inverse and Indeterminate # Cannot be calculated
B34: ASPECT | N34: INDICATOR OF MONTHLY ALTERATION
B35: FLOODS AND DROUGHTS (duration and seasonality) | N35: MONTH | P35: IAH14 | R35: IAH20 | T35: IAH21 | V35: =UPPER(REPORTS!$AA$1) -> NAT_F | W35: =UPPER(REPORTS!$AA$2) -> ALT_F
N36: Jan | P36: 0.40952379 | R36: 1 | T36: 1 | V36: 1
N37: Feb | P37: 0.53333336 | Q37: & | R37: 1 | T37: 1 | V37: 1
N38: Mar | P38: 0.95238096 | R38: 1 | T38: 1 | V38: 1
N39: Apr | P39: 0.64761907 | R39: 1 | T39: 1 | V39: 1
N40: May | P40: 0.25714287 | R40: 1 | T40: 1 | V40: 1
N41: Jun | P41: 1 | R41: 1 | T41: 0.047619056 | U41: & | V41: 1
N42: Jul | P42: 1 | R42: 1 | T42: 0 | U42: & | V42: 1
N43: Aug | P43: 1 | R43: 1 | T43: 0 | U43: & | V43: 1
N44: Sep | P44: 1 | R44: 1 | T44: 0 | U44: & | V44: 1
N45: Oct | P45: 1 | R45: 1 | T45: 0 | U45: & | V45: 1
N46: Nov | P46: 0.83809525 | R46: 1 | T46: 0.97142857 | U46: & | V46: 1
N47: Dec | P47: 0 | R47: 1 | T47: 1 | V47: 1
N48: =CONCATENATE("& indicates that the number of days (with flood, drought or 0 flow) for IAH14, IAH20 and IAH21 respectively, is higher in ", REPORTS!$AB$2," than ",REPORTS!$AB$1) -> & indicates that the number of days (with flood, drought or 0 flow) for IAH14, IAH20 and IAH21 respectively, is higher in Altered Flow than Natural Flow
B49: INDICATORS OF GLOBAL ALTERATION (IAG) | I49: LEVEL I | J49: LEVEL II | K49: LEVEL III | L49: LEVEL IV | M49: LEVEL V
B50: ASPECT | G50: VALUE | H50: CODE | I50: 0,64< I ≤1 | J50: 0,36< I ≤0,64 | K50: 0,16< I ≤0,36 | L50: 0,04< I ≤0,16 | M50: 0≤ I ≤0,04
B51: FLOODS | G51: 0.38359427 | H51: IAGA
B52: DROUGHTS | G52: 0.27710223 | H52: IAGS

Sheet Informe nº 8
B2: REPORT | D2: =CONCATENATE(UPPER(REPORTS!$AB$2)," INDICATOR P10-90 FOR HIGHLY ALTERED WATER BODY") -> ALTERED FLOW INDICATOR P10-90 FOR HIGHLY ALTERED WATER BODY
B3: Nº 8 | D3: CHARACTERIZATION OF THE HYDROLOGICAL ALTERATION ACCORDING TO IPH (Instrucción de Planificación Hidrológica in Spanish)
A5: NATURAL FLOW CODE (Abbreviation): | D5: =REPORTS!E7 -> Natural Flow (Nat_F)
A6: ALTERED FLOW CODE (Abbreviation): | D6: =REPORTS!E8 -> Altered Flow (Alt_F)
A7: DATE: | D7: 18/05/2026
B12: Monthly contribution (hm3) | C12: =UPPER(REPORTS!$AA$1) -> NAT_F | F12: =UPPER(REPORTS!$AA$2) -> ALT_F
B14: MONTH | C14: 10% PERCENTIL (exceedance) | D14: MEDIAN | E14: 90% PERCENTIL (exceedance) | F14: MEDIAN | G14: No. MONTH WITH (P90%≤APMON≤P10%) | H14: Total no. of months | I14: % Months | J14: CLASSIFICATION*
B16: January | C16: ='Informe nº3c'!M4 -> 18.408331 | D16: ='Informe nº 2'!$S6 -> 14.372986 | E16: ='Informe nº3c'!M5 -> 10.637412 | F16: ='Informe nº3'!T$6 -> 11.134283 | G16: =COUNTIF('Informe nº3'!C$15:C$612,">="&'Informe nº 8'!E16)-COUNTIF('Informe nº3'!C$15:C$612,">"&'Informe nº 8'!C16) -> 10 | H16: =C38 -> 21 | I16: =(G16/H16)*100 -> 47.619048 | J16: =I16 -> 47.619048
B17: February | C17: ='Informe nº3c'!N4 -> 13.638982 | D17: ='Informe nº 2'!$T6 -> 12.314159 | E17: ='Informe nº3c'!N5 -> 9.2117437 | F17: ='Informe nº3'!U$6 -> 10.854951 | G17: =COUNTIF('Informe nº3'!D$15:D$612,">="&'Informe nº 8'!E17)-COUNTIF('Informe nº3'!D$15:D$612,">"&'Informe nº 8'!C17) -> 11 | H17: =C38 -> 21 | I17: =(G17/H17)*100 -> 52.380952 | J17: =I17 -> 52.380952
B18: March | C18: ='Informe nº3c'!O4 -> 16.254814 | D18: ='Informe nº 2'!$U6 -> 11.537078 | E18: ='Informe nº3c'!O5 -> 8.629545 | F18: ='Informe nº3'!V$6 -> 9.3216095 | G18: =COUNTIF('Informe nº3'!E$15:E$612,">="&'Informe nº 8'!E18)-COUNTIF('Informe nº3'!E$15:E612,">"&'Informe nº 8'!C18) -> 14 | H18: =C38 -> 21 | I18: =(G18/H18)*100 -> 66.666667 | J18: =I18 -> 66.666667
B19: April | C19: ='Informe nº3c'!P4 -> 16.015779 | D19: ='Informe nº 2'!$V6 -> 13.178936 | E19: ='Informe nº3c'!P5 -> 10.558616 | F19: ='Informe nº3'!W$6 -> 6.4912319 | G19: =COUNTIF('Informe nº3'!F$14:F$612,">="&'Informe nº 8'!E19)-COUNTIF('Informe nº3'!F$14:F$612,">"&'Informe nº 8'!C19) -> 1 | H19: =C38 -> 21 | I19: =(G19/H19)*100 -> 4.7619048 | J19: =I19 -> 4.7619048
B20: May | C20: ='Informe nº3c'!Q4 -> 17.673726 | D20: ='Informe nº 2'!$W6 -> 13.492225 | E20: ='Informe nº3c'!Q5 -> 9.8438122 | F20: ='Informe nº3'!X$6 -> 3.0271535 | G20: =COUNTIF('Informe nº3'!G$15:G$612,">="&'Informe nº 8'!E20)-COUNTIF('Informe nº3'!G$15:G$612,">"&'Informe nº 8'!C20) -> 0 | H20: =C38 -> 21 | I20: =(G20/H20)*100 -> 0 | J20: =I20 -> 0
B21: June | C21: ='Informe nº3c'!R4 -> 6.937954 | D21: ='Informe nº 2'!$X6 -> 4.8620734 | E21: ='Informe nº3c'!R5 -> 3.6979895 | F21: ='Informe nº3'!Y$6 -> 0.64064729 | G21: =COUNTIF('Informe nº3'!H$14:H$612,">="&'Informe nº 8'!E21)-COUNTIF('Informe nº3'!H$14:H$612,">"&'Informe nº 8'!C21) -> 0 | H21: =C38 -> 21 | I21: =(G21/H21)*100 -> 0 | J21: =I21 -> 0
B22: July | C22: ='Informe nº3c'!S4 -> 1.5648924 | D22: ='Informe nº 2'!$Y6 -> 1.1413268 | E22: ='Informe nº3c'!S5 -> 0.91059908 | F22: ='Informe nº3'!Z$6 -> 0.32523811 | G22: =COUNTIF('Informe nº3'!I$15:I$612,">="&'Informe nº 8'!E22)-COUNTIF('Informe nº3'!I$15:I$612,">"&'Informe nº 8'!C22) -> 0 | H22: =C38 -> 21 | I22: =(G22/H22)*100 -> 0 | J22: =I22 -> 0
B23: August | C23: ='Informe nº3c'!T4 -> 0.62932039 | D23: ='Informe nº 2'!$Z6 -> 0.48838466 | E23: ='Informe nº3c'!T5 -> 0.42211068 | F23: ='Informe nº3'!AA$6 -> 0.19344787 | G23: =COUNTIF('Informe nº3'!J$14:J$612,">="&'Informe nº 8'!E23)-COUNTIF('Informe nº3'!J$14:J$612,">"&'Informe nº 8'!C23) -> 0 | H23: =C38 -> 21 | I23: =(G23/H23)*100 -> 0 | J23: =I23 -> 0
B24: September | C24: ='Informe nº3c'!U4 -> 0.93631687 | D24: ='Informe nº 2'!$AA6 -> 0.55524099 | E24: ='Informe nº3c'!U5 -> 0.36377109 | F24: ='Informe nº3'!AB$6 -> 0.17000495 | G24: =COUNTIF('Informe nº3'!K$15:K$612,">="&'Informe nº 8'!E24)-COUNTIF('Informe nº3'!K$15:K$612,">"&'Informe nº 8'!C24) -> 1 | H24: =C38 -> 21 | I24: =(G24/H24)*100 -> 4.7619048 | J24: =I24 -> 4.7619048
B25: October | C25: ='Informe nº3c'!V4 -> 5.2382214 | D25: ='Informe nº 2'!$AB6 -> 2.9164324 | E25: ='Informe nº3c'!V5 -> 1.7517236 | F25: ='Informe nº3'!AC$6 -> 0.79708064 | G25: =COUNTIF('Informe nº3'!L$14:L$612,">="&'Informe nº 8'!E25)-COUNTIF('Informe nº3'!L$14:L$612,">"&'Informe nº 8'!C25) -> 4 | H25: =C38 -> 21 | I25: =(G25/H25)*100 -> 19.047619 | J25: =I25 -> 19.047619
B26: November | C26: ='Informe nº3c'!W4 -> 12.767155 | D26: ='Informe nº 2'!$AC6 -> 7.0796847 | E26: ='Informe nº3c'!W5 -> 3.8849176 | F26: ='Informe nº3'!AD$6 -> 3.5252237 | G26: =COUNTIF('Informe nº3'!M$15:M$612,">="&'Informe nº 8'!E26)-COUNTIF('Informe nº3'!M$15:M$612,">"&'Informe nº 8'!C26) -> 8 | H26: =C38 -> 21 | I26: =(G26/H26)*100 -> 38.095238 | J26: =I26 -> 38.095238
B27: December | C27: ='Informe nº3c'!X4 -> 19.509172 | D27: ='Informe nº 2'!$AD6 -> 14.289956 | E27: ='Informe nº3c'!X5 -> 10.518405 | F27: ='Informe nº3'!AE$6 -> 6.681139 | G27: =COUNTIF('Informe nº3'!N$14:N$612,">="&'Informe nº 8'!E27)-COUNTIF('Informe nº3'!N$14:N$612,">"&'Informe nº 8'!C27) -> 0 | H27: =C38 -> 21 | I27: =(G27/H27)*100 -> 0 | J27: =I27 -> 0
F28: TOTAL | G28: =SUM(G16:G27) -> 49 | H28: =SUM(H16:H27) -> 252 | I28: =(G28/H28)*100 -> 19.444444 | J28: =IF(I28>=50,"",IF(I28<50,"MUY ALTERADA")) -> MUY ALTERADA
B30: Annual contribution (hm3) | C30: =UPPER(REPORTS!$AA$1) -> NAT_F | F30: =UPPER(REPORTS!$AA$2) -> ALT_F
C32: 10% PERCENTIL (exceedance) | D32: MEDIAN | E32: 90% PERCENTIL (exceedance) | F32: Median contribution (hm³/year) | G32: No. Years with (P90%≤APYEAR≤P10%) | H32: Total no. of years | I32: % CUMPLE | J32: CLASsIFICATION*
C34: =_xlfn.PERCENTILE.EXC('Informe nº1'!$C14:$C614,0.9) -> 116.43326 | D34: =_xlfn.PERCENTILE.EXC('Informe nº1'!$C14:$C614,0.5) -> 99.4795 | E34: =_xlfn.PERCENTILE.EXC('Informe nº1'!$C14:$C614,0.1) -> 78.892972 | F34: =_xlfn.PERCENTILE.EXC('Informe nº1a'!C14:C614,0.5) -> 53.614456 | G34: =COUNTIF('Informe nº1a'!C12:C612,">="&'Informe nº 8'!E34)-COUNTIF('Informe nº1a'!C12:C612,">"&'Informe nº 8'!C34) -> 0 | H34: =C38 -> 21 | I34: =(G34/H34)*100 -> 0 | J34: =IF(I34>=50,"",IF(I34<50,"MUY ALTERADA")) -> MUY ALTERADA
B36: Used data (nº years)
B37: =REPORTS!$AA$1 -> Nat_F | C37: =REPORTS!$AA$2 -> Alt_F | D37: Contemporaneus years
B38: 21 | C38: 21 | D38: 0

Sheet Informe nº8b
B2: REPORT | C2: =CONCATENATE(UPPER(REPORTS!$AB$2)," INDICATOR IAH-MMA FOR HIGHLY ALTERED WATER BODY") -> ALTERED FLOW INDICATOR IAH-MMA FOR HIGHLY ALTERED WATER BODY
B3: Nº 8b | C3: CHARACTERIZATION OF THE HYDROLOGICAL ALTERATION ACCORDING TO IPH (Instrucción de Planificación Hidrológica in Spanish)
A5: NATURAL FLOW CODE (Abbreviation): | D5: =REPORTS!E7 -> Natural Flow (Nat_F)
A6: ALTERED FLOW CODE (Abbreviation): | D6: =REPORTS!E8 -> Altered Flow (Alt_F) | N6: PARA ESTIMAR IAH14 e IAH21 MENSUAL | T6: PARA ESTIMAR M3 MENSUAL
A7: DATE: | E7: 18/05/2026 | N7: VALORES MENSUALES | P7: Alteración ≥50% | T7: VALORES MENSUALES
O10: ='Informe nº 7d'!P35 -> IAH14 | P10: ='Informe nº 7d'!T35 -> IAH21 | Q10: =O10 -> IAH14 | R10: =P10 -> IAH21 | U10: VALOR | V10: Alteración ≥50%
B11: INDICATOR | N11: 1 | O11: ='Informe nº 7d'!P36 -> 0.40952379 | P11: ='Informe nº 7d'!T36 -> 1 | Q11: =IF(O11<=0.5,1,0) -> 1 | R11: =IF(P11<=0.5,1,0) -> 0 | T11: 1 | U11: ='Informe nº 7c'!F29 -> 0.75833058 | V11: =IF(U11<=0.5,1,0) -> 0
B12: CODE | C12: DEFINITION | D12: Value | F12: Alteration ≥ 50% | N12: 2 | O12: ='Informe nº 7d'!P37 -> 0.53333336 | P12: ='Informe nº 7d'!T37 -> 1 | Q12: =IF(O12<=0.5,1,0) -> 0 | R12: =IF(P12<=0.5,1,0) -> 0 | T12: 2 | U12: ='Informe nº 7c'!F30 -> 0.98561954 | V12: =IF(U12<=0.5,1,0) -> 0
B13: M1 | C13: Magnitude of the annual contribution | D13: ='Informe nº 7c'!D17 -> 0.55761576 | F13: =IF(D13<=0.5,"YES","NO") -> NO | N13: 3 | O13: ='Informe nº 7d'!P38 -> 0.95238096 | P13: ='Informe nº 7d'!T38 -> 1 | Q13: =IF(O13<=0.5,1,0) -> 0 | R13: =IF(P13<=0.5,1,0) -> 0 | T13: 3 | U13: ='Informe nº 7c'!F31 -> 0.79169726 | V13: =IF(U13<=0.5,1,0) -> 0
B14: M3(Monthly eval.) | C14: Magnitude of the monthly contribution | D14: =V23 -> 9 | E14: months(*) | F14: =V24 -> YES | G14: (**) | N14: 4 | O14: ='Informe nº 7d'!P39 -> 0.64761907 | P14: ='Informe nº 7d'!T39 -> 1 | Q14: =IF(O14<=0.5,1,0) -> 0 | R14: =IF(P14<=0.5,1,0) -> 0 | T14: 4 | U14: ='Informe nº 7c'!F32 -> 0.48390672 | V14: =IF(U14<=0.5,1,0) -> 1
B15: V1 | C15: Variability of the annual volumes | D15: ='Informe nº 7c'!D18 -> 0.47033209 | F15: =IF(D15<=0.5,"YES","NO") -> YES | N15: 5 | O15: ='Informe nº 7d'!P40 -> 0.25714287 | P15: ='Informe nº 7d'!T40 -> 1 | Q15: =IF(O15<=0.5,1,0) -> 1 | R15: =IF(P15<=0.5,1,0) -> 0 | T15: 5 | U15: ='Informe nº 7c'!F33 -> 0.23092541 | V15: =IF(U15<=0.5,1,0) -> 1
B16: E1 | C16: Seasonality of maximum values | D16: ='Informe nº 7c'!D20 -> 0.5516957 | F16: =IF(D16<=0.5,"YES","NO") -> NO | N16: 6 | O16: ='Informe nº 7d'!P41 -> 1 | P16: ='Informe nº 7d'!T41 -> 0.047619056 | Q16: =IF(O16<=0.5,1,0) -> 0 | R16: =IF(P16<=0.5,1,0) -> 1 | T16: 6 | U16: ='Informe nº 7c'!F34 -> 0.13467923 | V16: =IF(U16<=0.5,1,0) -> 1
B17: E2 | C17: Seasonality of minimum values | D17: ='Informe nº 7c'!D21 -> 0.78627479 | F17: =IF(D17<=0.5,"YES","NO") -> NO | N17: 7 | O17: ='Informe nº 7d'!P42 -> 1 | P17: ='Informe nº 7d'!T42 -> 0 | Q17: =IF(O17<=0.5,1,0) -> 0 | R17: =IF(P17<=0.5,1,0) -> 1 | T17: 7 | U17: ='Informe nº 7c'!F35 -> 0.26545462 | V17: =IF(U17<=0.5,1,0) -> 1
B18: IAH8 | C18: Magnitude of the effective discharge | D18: ='Informe nº 7d'!D18 -> 0.91661876 | F18: =IF(D18<=0.5,"YES","NO") -> NO | N18: 8 | O18: ='Informe nº 7d'!P43 -> 1 | P18: ='Informe nº 7d'!T43 -> 0 | Q18: =IF(O18<=0.5,1,0) -> 0 | R18: =IF(P18<=0.5,1,0) -> 1 | T18: 8 | U18: ='Informe nº 7c'!F36 -> 0.39351627 | V18: =IF(U18<=0.5,1,0) -> 1
B19: IAH10 | C19: Magnitude of the flushing flood | D19: ='Informe nº 7d'!D20 -> 0.76355481 | F19: =IF(D19<=0.5,"YES","NO") -> NO | N19: 9 | O19: ='Informe nº 7d'!P44 -> 1 | P19: ='Informe nº 7d'!T44 -> 0 | Q19: =IF(O19<=0.5,1,0) -> 0 | R19: =IF(P19<=0.5,1,0) -> 1 | T19: 9 | U19: ='Informe nº 7c'!F37 -> 0.29920623 | V19: =IF(U19<=0.5,1,0) -> 1
B20: IAH13 | C20: Floods duration | D20: ='Informe nº 7d'!D23 -> 0.28372091 | F20: =IF(D20<=0.5,"YES","NO") -> YES | N20: 10 | O20: ='Informe nº 7d'!P45 -> 1 | P20: ='Informe nº 7d'!T45 -> 0 | Q20: =IF(O20<=0.5,1,0) -> 0 | R20: =IF(P20<=0.5,1,0) -> 1 | T20: 10 | U20: ='Informe nº 7c'!F38 -> 0.34487864 | V20: =IF(U20<=0.5,1,0) -> 1
B21: IAH14 (Monthly eval.) | C21: Floods seasonality (monthly eval.) | D21: =Q23 -> 3 | E21: months(*) | F21: =Q24 -> YES | G21: (**) | N21: 11 | O21: ='Informe nº 7d'!P46 -> 0.83809525 | P21: ='Informe nº 7d'!T46 -> 0.97142857 | Q21: =IF(O21<=0.5,1,0) -> 0 | R21: =IF(P21<=0.5,1,0) -> 0 | T21: 11 | U21: ='Informe nº 7c'!F39 -> 0.4876883 | V21: =IF(U21<=0.5,1,0) -> 1
B22: IAH16 | C22: Magnitude of the habitual droughts | D22: ='Informe nº 7d'!D26 -> 0.38288885 | F22: =IF(D22<=0.5,"YES","NO") -> YES | N22: 12 | O22: ='Informe nº 7d'!P47 -> 0 | P22: ='Informe nº 7d'!T47 -> 1 | Q22: =IF(O22<=0.5,1,0) -> 1 | R22: =IF(P22<=0.5,1,0) -> 0 | T22: 12 | U22: ='Informe nº 7c'!F40 -> 0.46808207 | V22: =IF(U22<=0.5,1,0) -> 1
B23: IAH19 | C23: Droughts duration | D23: ='Informe nº 7d'!D29 -> 0.11493073 | F23: =IF(D23<=0.5,"YES","NO") -> YES | P23: Nº alt ≥ 50% | Q23: =SUM(Q11:Q22) -> 3 | R23: =SUM(R11:R22) -> 5 | U23: Nº alt ≥ 50% | V23: =SUM(V11:V22) -> 9
B24: IAH21 (Monthly eval.) | C24: Droughts seasonality (monthly eval.) | D24: =R23 -> 5 | E24: months(*) | F24: =R24 -> YES | G24: (**) | P24: CLASIFICACIÓN | Q24: =IF(Q23>=3,"YES","NO") -> YES | R24: =IF(R23>=3,"YES","NO") -> YES | U24: CLASIFICACIÓN | V24: =IF(V23>=3,"YES","NO") -> YES
E25: (*) Number of months per year with monthly IAH ≤0,5
E26: (**) altered IAH if no. of months ≥3 | N26: PARA APLICAR EL CRITERIO C1a
D27: No. of indicators with alteration ≥50%: | E27: =COUNTIF(F13:F24,"YES") -> 7
D29: Classification criterion applied: | E29: =IF(E27=6,"C1a","C1") -> C1
D30: CLASSIFICATION***: | E30: =IF(E27>6,"HIGHLY ALTERED WATER BODY",IF(E27<6,"UNCLASSIFIED",O50)) -> HIGHLY ALTERED WATER BODY | P30: PRUEBA CRITERIO C1a
P32: Alteración ≥50%
M33: Magnitud | N33: M1 | O33: =D13 -> 0.55761576
N34: M2 | O34: ='Informe nº 7c'!D17 -> 0.55761576
N35: IAH8 | O35: =D18 -> 0.91661876
N36: IAH10 | O36: =D19 -> 0.76355481
N37: IAH16 | O37: =D22 -> 0.38288885
N38: MEDIA | O38: =AVERAGE(O33:O37) -> 0.63565879 | P38: =IF(O38<=0.5,1,0) -> 0
M39: Dur. Y Var. | N39: V1 | O39: =D15 -> 0.47033209
N40: IAH13 | O40: =D20 -> 0.28372091
N41: IAH19 | O41: =D23 -> 0.11493073
N42: MEDIA | O42: =AVERAGE(O39:O41) -> 0.28966124 | P42: =IF(O42<=0.5,1,0) -> 1
M43: Estacionalidad | N43: E1 | O43: =D16 -> 0.5516957
N44: E2 | O44: =D17 -> 0.78627479
N45: IAH14 | O45: ='Informe nº 7d'!D24 -> 0.7198413
N46: IAH21 | O46: ='Informe nº 7d'!D31 -> 0.58492059
N47: MEDIA | O47: =AVERAGE(O43:O46) -> 0.6606831 | P47: =IF(O47<=0.5,1,0) -> 0
P48: =SUM(P38:P47) -> 1
N50: Criterio C1a | O50: =IF(P48>1,"MASA MUY ALTERADA","SIN CLASIFICAR") -> SIN CLASIFICAR

Sheet Informe nº 10c
B2: REPORT | D2: ENVIRONMENTAL SIGNIFICANCE OF INDICATORS OF HYDROLOGIC ALTERATION
B3: Nº 10c | D3: HABITUAL DATA, FLOODS AND DROUGHTS (Non-contemporaneous daily data)
B5: NATURAL FLOW CODE (Abbreviation): | E5: =REPORTS!E7 -> Natural Flow (Nat_F)
B6: ALTERED FLOW CODE (Abbreviation): | E6: =REPORTS!E8 -> Altered Flow (Alt_F)
B7: DATE: | E7: 18/05/2026
B12: ECOSYSTEM COMPONENT: MORPHOLOGY
B14: COMPONENTS AND ASPECTS OF THE FLOW REGIME MORE DIRECTLY INVOLVED | E14: INDICATORS OF HYDROLOGICAL ALTERATION evaluating them | L14: significant alteration? | N14: ENVIRONMENTAL SIGNIFICANCE
E16: INDICATORS | F16: DEFINITION | K16: VALUE | L16: IAH≤0.4
B17: FLOODS | C17: Magnitude | E17: IAH 8 | F17: Effective discharge magnitude Ind. | K17: ='Informe nº 7d'!D18 -> 0.91661876 | L17: =IF(K17<=0.4,"YES","") | M17: =IF(K17>0.4,"NO","") -> NO | N17: The effective discharge represents the flow that, over the long term, performs the greatest work in mobilizing and transporting materials, shaping the channel's geomorphology both in cross-section and planform.
C18: Variability | E18: IAH 11 | F18: Variability Ind. of maximum floods | K18: ='Informe nº 7d'!D21 -> 0.685579 | L18: =IF(K18<=0.4,"YES","") | M18: =IF(K18>0.4,"NO","") -> NO | N18: Implications for channel formation and stability; grain size of transported materials; maintenance of water levels; bed scouring; synchronization with tributaries.
C19: Duration | E19: IAH 13 | F19: Floods duration Ind. | K19: ='Informe nº 7d'!D23 -> 0.28372091 | L19: =IF(K19<=0.4,"YES","") -> YES | M19: =IF(K19>0.4,"NO","")
B22: ECOSYSTEM COMPONENT: HABITAT
B24: COMPONENTS AND ASPECTS OF THE FLOW REGIME MORE DIRECTLY INVOLVED | E24: INDICATORS OF HYDROLOGICAL ALTERATION evaluating them | L24: significant alteration? | N24: ENVIRONMENTAL SIGNIFICANCE
E26: INDICATORS | F26: DEFINITION | K26: VALUE | L26: IAH≤0.4
B27: FLOODS | C27: Habitual magnitude | E27: IAH 10 | F27: Magnitude Ind. of usual floods | K27: ='Informe nº 7d'!D20 -> 0.76355481 | L27: =IF(K27<=0.4,"YES","") | M27: =IF(K27>0.4,"NO","") -> NO | N27: Essential for substrate cleaning and revitalization processes, maintenance of hydrohabitat diversity, riffle-pool sequences, preservation of grain size diversity, and suitable conditions in the hyporheic zone.
C28: Habitual variability | E28: IAH 12 | F28: Variability Ind. of the usual floods | K28: ='Informe nº 7d'!D22 -> 0.67962998 | L28: =IF(K28<=0.4,"YES","") | M28: =IF(K28>0.4,"NO","") -> NO
C29: seasonality | E29: IAH 14 | F29: Flood Seasonality Ind. | K29: ='Informe nº 7d'!D24 -> 0.7198413 | L29: =IF(K29<=0.4,"YES","") | M29: =IF(K29>0.4,"NO","") -> NO
C30: Duration | E30: IAH 13 | F30: Flood Duration Ind. | K30: ='Informe nº 7d'!D23 -> 0.28372091 | L30: =IF(K30<=0.4,"YES","") -> YES | M30: =IF(K30>0.4,"NO","")
B31: DROUGHTS | C31: Habitual magnitude | E31: IAH 16 | F31: Magnitude Ind. of usual droughts | K31: ='Informe nº 7d'!D26 -> 0.38288885 | L31: =IF(K31<=0.4,"YES","") -> YES | M31: =IF(K31>0.4,"NO","") | N31: Key factors in the alteration of the potential of the hyporheic zone, changes in hydraulic conditions, water quality degradation, habitat desiccation and fragmentation, and disruption of connectivity with the groundwater.
C32: Habitual variability | E32: IAH 18 | F32: Variability Ind. of usual droughts | K32: ='Informe nº 7d'!D28 -> 0.65613139 | L32: =IF(K32<=0.4,"YES","") | M32: =IF(K32>0.4,"NO","") -> NO
B33: HABITUAL DATA | C33: Magnitude | E33: M1 | F33: Magnitude Ind. of annual contributions | K33: ='Informe nº 7c'!D17 -> 0.55761576 | L33: =IF(K33<=0.4,"YES","") | M33: =IF(K33>0.4,"NO","") -> NO | N33: Factors influencing habitat variability and heterogeneity, bed material size, hydraulic characteristics, and the features and clogging of the hyporheic zone.
C34: Habitual variability | E34: V1 | F34: Variability Ind. of annual contributions | K34: ='Informe nº 7c'!D19 -> 0.74218345 | L34: =IF(K34<=0.4,"YES","") | M34: =IF(K34>0.4,"NO","") -> NO
C35: Extreme variability | E35: V4 | F35: Extreme Variability Ind. | K35: ='Informe nº 7c'!D21 -> 0.78627479 | L35: =IF(K35<=0.4,"YES","") | M35: =IF(K35>0.4,"NO","") -> NO
B38: ECOSYSTEM COMPONENT: RIPARIAN VEGETATION
B40: COMPONENTS AND ASPECTS OF THE FLOW REGIME MORE DIRECTLY INVOLVED | E40: INDICATORS OF HYDROLOGICAL ALTERATION evaluating them | L40: significant alteration? | N40: ENVIRONMENTAL SIGNIFICANCE
